[2026-09-28 10:53:51] [INFO]: Iniciando secuencia de vinculación de módulos...
[2026-09-28 10:53:51] [INFO]: === INICIANDO DETALLE DE MAPEO DE ENTRADAS (ROUTER) ===
[2026-09-28 10:53:51] [SUCCESS]: Slot #001 -> Método: [POST  ] | Path: [/session/set-context]
[2026-09-28 10:53:51] [SUCCESS]: Slot #002 -> Método: [POST  ] | Path: [/session/logout]
[2026-09-28 10:53:51] [SUCCESS]: Slot #003 -> Método: [GET   ] | Path: [/]
[2026-09-28 10:53:51] [SUCCESS]: Slot #004 -> Método: [GET   ] | Path: [/password]
[2026-09-28 10:53:51] [SUCCESS]: Slot #005 -> Método: [POST  ] | Path: [/password]
[2026-09-28 10:53:51] [SUCCESS]: Slot #006 -> Método: [GET   ] | Path: [/users]
[2026-09-28 10:53:51] [SUCCESS]: Slot #007 -> Método: [GET   ] | Path: [/users/register]
[2026-09-28 10:53:51] [SUCCESS]: Slot #008 -> Método: [POST  ] | Path: [/users/register]
[2026-09-28 10:53:51] [SUCCESS]: Slot #009 -> Método: [GET   ] | Path: [/login]
[2026-09-28 10:53:51] [SUCCESS]: Slot #010 -> Método: [POST  ] | Path: [/users/get-user]
[2026-09-28 10:53:51] [SUCCESS]: Slot #011 -> Método: [POST  ] | Path: [/login]
[2026-09-28 10:53:51] [SUCCESS]: Slot #012 -> Método: [GET   ] | Path: [/users/list]
[2026-09-28 10:53:51] [SUCCESS]: Slot #013 -> Método: [POST  ] | Path: [/users/get-role]
[2026-09-28 10:53:51] [SUCCESS]: Slot #014 -> Método: [POST  ] | Path: [/users/update-role]
[2026-09-28 10:53:51] [SUCCESS]: Slot #015 -> Método: [POST  ] | Path: [/users/get-id]
[2026-09-28 10:53:51] [SUCCESS]: Slot #016 -> Método: [GET   ] | Path: [/roles/list]
[2026-09-28 10:53:51] [SUCCESS]: Slot #017 -> Método: [POST  ] | Path: [/roles/add]
[2026-09-28 10:53:51] [SUCCESS]: Slot #018 -> Método: [POST  ] | Path: [/roles/edit]
[2026-09-28 10:53:51] [SUCCESS]: Slot #019 -> Método: [POST  ] | Path: [/roles/get]
[2026-09-28 10:53:51] [SUCCESS]: Slot #020 -> Método: [POST  ] | Path: [/session/set-context]
[2026-09-28 10:53:51] [SUCCESS]: Slot #021 -> Método: [POST  ] | Path: [/session/logout]
[2026-09-28 10:53:51] [INFO]: === TOTAL DE RUTAS MAPEADAS EN MEMORIA: [21/500] ===
[2026-09-28 10:54:47] [INFO]: Iniciando secuencia de vinculación de módulos...
[2026-09-28 10:54:47] [INFO]: === INICIANDO DETALLE DE MAPEO DE ENTRADAS (ROUTER) ===
[2026-09-28 10:54:47] [SUCCESS]: Slot #001 -> Método: [POST  ] | Path: [/session/set-context]
[2026-09-28 10:54:47] [SUCCESS]: Slot #002 -> Método: [POST  ] | Path: [/session/logout]
[2026-09-28 10:54:47] [SUCCESS]: Slot #003 -> Método: [GET   ] | Path: [/]
[2026-09-28 10:54:47] [SUCCESS]: Slot #004 -> Método: [GET   ] | Path: [/password]
[2026-09-28 10:54:47] [SUCCESS]: Slot #005 -> Método: [POST  ] | Path: [/password]
[2026-09-28 10:54:47] [SUCCESS]: Slot #006 -> Método: [GET   ] | Path: [/users]
[2026-09-28 10:54:47] [SUCCESS]: Slot #007 -> Método: [GET   ] | Path: [/users/register]
[2026-09-28 10:54:47] [SUCCESS]: Slot #008 -> Método: [POST  ] | Path: [/users/register]
[2026-09-28 10:54:47] [SUCCESS]: Slot #009 -> Método: [GET   ] | Path: [/login]
[2026-09-28 10:54:47] [SUCCESS]: Slot #010 -> Método: [POST  ] | Path: [/users/get-user]
[2026-09-28 10:54:47] [SUCCESS]: Slot #011 -> Método: [POST  ] | Path: [/login]
[2026-09-28 10:54:47] [SUCCESS]: Slot #012 -> Método: [GET   ] | Path: [/users/list]
[2026-09-28 10:54:47] [SUCCESS]: Slot #013 -> Método: [POST  ] | Path: [/users/get-role]
[2026-09-28 10:54:47] [SUCCESS]: Slot #014 -> Método: [POST  ] | Path: [/users/update-role]
[2026-09-28 10:54:47] [SUCCESS]: Slot #015 -> Método: [POST  ] | Path: [/users/get-id]
[2026-09-28 10:54:47] [SUCCESS]: Slot #016 -> Método: [GET   ] | Path: [/roles/list]
[2026-09-28 10:54:47] [SUCCESS]: Slot #017 -> Método: [POST  ] | Path: [/roles/add]
[2026-09-28 10:54:47] [SUCCESS]: Slot #018 -> Método: [POST  ] | Path: [/roles/edit]
[2026-09-28 10:54:47] [SUCCESS]: Slot #019 -> Método: [POST  ] | Path: [/roles/get]
[2026-09-28 10:54:47] [SUCCESS]: Slot #020 -> Método: [POST  ] | Path: [/session/set-context]
[2026-09-28 10:54:47] [SUCCESS]: Slot #021 -> Método: [POST  ] | Path: [/session/logout]
[2026-09-28 10:54:47] [INFO]: === TOTAL DE RUTAS MAPEADAS EN MEMORIA: [21/500] ===
[2026-09-28 11:31:34] [INFO]: Iniciando secuencia de vinculación de módulos...
[2026-09-28 11:31:34] [INFO]: === INICIANDO DETALLE DE MAPEO DE ENTRADAS (ROUTER) ===
[2026-09-28 11:31:34] [SUCCESS]: Slot #001 -> Método: [POST  ] | Path: [/session/set-context]
[2026-09-28 11:31:34] [SUCCESS]: Slot #002 -> Método: [POST  ] | Path: [/session/logout]
[2026-09-28 11:31:34] [SUCCESS]: Slot #003 -> Método: [GET   ] | Path: [/]
[2026-09-28 11:31:34] [SUCCESS]: Slot #004 -> Método: [GET   ] | Path: [/password]
[2026-09-28 11:31:34] [SUCCESS]: Slot #005 -> Método: [POST  ] | Path: [/password]
[2026-09-28 11:31:34] [SUCCESS]: Slot #006 -> Método: [GET   ] | Path: [/users]
[2026-09-28 11:31:34] [SUCCESS]: Slot #007 -> Método: [GET   ] | Path: [/users/register]
[2026-09-28 11:31:34] [SUCCESS]: Slot #008 -> Método: [POST  ] | Path: [/users/register]
[2026-09-28 11:31:34] [SUCCESS]: Slot #009 -> Método: [GET   ] | Path: [/login]
[2026-09-28 11:31:34] [SUCCESS]: Slot #010 -> Método: [POST  ] | Path: [/users/get-user]
[2026-09-28 11:31:34] [SUCCESS]: Slot #011 -> Método: [POST  ] | Path: [/login]
[2026-09-28 11:31:34] [SUCCESS]: Slot #012 -> Método: [GET   ] | Path: [/users/list]
[2026-09-28 11:31:34] [SUCCESS]: Slot #013 -> Método: [POST  ] | Path: [/users/get-role]
[2026-09-28 11:31:34] [SUCCESS]: Slot #014 -> Método: [POST  ] | Path: [/users/update-role]
[2026-09-28 11:31:34] [SUCCESS]: Slot #015 -> Método: [POST  ] | Path: [/users/get-id]
[2026-09-28 11:31:34] [SUCCESS]: Slot #016 -> Método: [GET   ] | Path: [/roles/list]
[2026-09-28 11:31:34] [SUCCESS]: Slot #017 -> Método: [POST  ] | Path: [/roles/add]
[2026-09-28 11:31:34] [SUCCESS]: Slot #018 -> Método: [POST  ] | Path: [/roles/edit]
[2026-09-28 11:31:34] [SUCCESS]: Slot #019 -> Método: [POST  ] | Path: [/roles/get]
[2026-09-28 11:31:34] [SUCCESS]: Slot #020 -> Método: [POST  ] | Path: [/session/set-context]
[2026-09-28 11:31:34] [SUCCESS]: Slot #021 -> Método: [POST  ] | Path: [/session/logout]
[2026-09-28 11:31:34] [INFO]: === TOTAL DE RUTAS MAPEADAS EN MEMORIA: [21/500] ===
[2026-09-28 12:11:22] [INFO]: Iniciando secuencia de vinculación de módulos...
[2026-09-28 12:11:22] [INFO]: === INICIANDO DETALLE DE MAPEO DE ENTRADAS (ROUTER) ===
[2026-09-28 12:11:22] [SUCCESS]: Slot #001 -> Método: [POST  ] | Path: [/session/set-context]
[2026-09-28 12:11:22] [SUCCESS]: Slot #002 -> Método: [POST  ] | Path: [/session/logout]
[2026-09-28 12:11:22] [SUCCESS]: Slot #003 -> Método: [GET   ] | Path: [/]
[2026-09-28 12:11:22] [SUCCESS]: Slot #004 -> Método: [GET   ] | Path: [/password]
[2026-09-28 12:11:22] [SUCCESS]: Slot #005 -> Método: [POST  ] | Path: [/password]
[2026-09-28 12:11:22] [SUCCESS]: Slot #006 -> Método: [GET   ] | Path: [/users]
[2026-09-28 12:11:22] [SUCCESS]: Slot #007 -> Método: [GET   ] | Path: [/users/register]
[2026-09-28 12:11:22] [SUCCESS]: Slot #008 -> Método: [POST  ] | Path: [/users/register]
[2026-09-28 12:11:22] [SUCCESS]: Slot #009 -> Método: [GET   ] | Path: [/login]
[2026-09-28 12:11:22] [SUCCESS]: Slot #010 -> Método: [POST  ] | Path: [/users/get-user]
[2026-09-28 12:11:22] [SUCCESS]: Slot #011 -> Método: [POST  ] | Path: [/login]
[2026-09-28 12:11:22] [SUCCESS]: Slot #012 -> Método: [GET   ] | Path: [/users/list]
[2026-09-28 12:11:22] [SUCCESS]: Slot #013 -> Método: [POST  ] | Path: [/users/get-role]
[2026-09-28 12:11:22] [SUCCESS]: Slot #014 -> Método: [POST  ] | Path: [/users/update-role]
[2026-09-28 12:11:22] [SUCCESS]: Slot #015 -> Método: [POST  ] | Path: [/users/get-id]
[2026-09-28 12:11:22] [SUCCESS]: Slot #016 -> Método: [GET   ] | Path: [/roles/list]
[2026-09-28 12:11:22] [SUCCESS]: Slot #017 -> Método: [POST  ] | Path: [/roles/add]
[2026-09-28 12:11:22] [SUCCESS]: Slot #018 -> Método: [POST  ] | Path: [/roles/edit]
[2026-09-28 12:11:22] [SUCCESS]: Slot #019 -> Método: [POST  ] | Path: [/roles/get]
[2026-09-28 12:11:22] [SUCCESS]: Slot #020 -> Método: [POST  ] | Path: [/session/set-context]
[2026-09-28 12:11:22] [SUCCESS]: Slot #021 -> Método: [POST  ] | Path: [/session/logout]
[2026-09-28 12:11:22] [INFO]: === TOTAL DE RUTAS MAPEADAS EN MEMORIA: [21/500] ===
[2026-09-28 12:18:37] [INFO]: Iniciando secuencia de vinculación de módulos...
[2026-09-28 12:18:37] [INFO]: === INICIANDO DETALLE DE MAPEO DE ENTRADAS (ROUTER) ===
[2026-09-28 12:18:37] [SUCCESS]: Slot #001 -> Método: [POST  ] | Path: [/session/set-context]
[2026-09-28 12:18:37] [SUCCESS]: Slot #002 -> Método: [POST  ] | Path: [/session/logout]
[2026-09-28 12:18:37] [SUCCESS]: Slot #003 -> Método: [GET   ] | Path: [/]
[2026-09-28 12:18:37] [SUCCESS]: Slot #004 -> Método: [GET   ] | Path: [/password]
[2026-09-28 12:18:37] [SUCCESS]: Slot #005 -> Método: [POST  ] | Path: [/password]
[2026-09-28 12:18:37] [SUCCESS]: Slot #006 -> Método: [GET   ] | Path: [/users]
[2026-09-28 12:18:37] [SUCCESS]: Slot #007 -> Método: [GET   ] | Path: [/users/register]
[2026-09-28 12:18:37] [SUCCESS]: Slot #008 -> Método: [POST  ] | Path: [/users/register]
[2026-09-28 12:18:37] [SUCCESS]: Slot #009 -> Método: [GET   ] | Path: [/login]
[2026-09-28 12:18:37] [SUCCESS]: Slot #010 -> Método: [POST  ] | Path: [/users/get-user]
[2026-09-28 12:18:37] [SUCCESS]: Slot #011 -> Método: [POST  ] | Path: [/login]
[2026-09-28 12:18:37] [SUCCESS]: Slot #012 -> Método: [GET   ] | Path: [/users/list]
[2026-09-28 12:18:37] [SUCCESS]: Slot #013 -> Método: [POST  ] | Path: [/users/get-role]
[2026-09-28 12:18:37] [SUCCESS]: Slot #014 -> Método: [POST  ] | Path: [/users/update-role]
[2026-09-28 12:18:37] [SUCCESS]: Slot #015 -> Método: [POST  ] | Path: [/users/get-id]
[2026-09-28 12:18:37] [SUCCESS]: Slot #016 -> Método: [GET   ] | Path: [/roles/list]
[2026-09-28 12:18:37] [SUCCESS]: Slot #017 -> Método: [POST  ] | Path: [/roles/add]
[2026-09-28 12:18:37] [SUCCESS]: Slot #018 -> Método: [POST  ] | Path: [/roles/edit]
[2026-09-28 12:18:37] [SUCCESS]: Slot #019 -> Método: [POST  ] | Path: [/roles/get]
[2026-09-28 12:18:37] [SUCCESS]: Slot #020 -> Método: [POST  ] | Path: [/session/set-context]
[2026-09-28 12:18:37] [SUCCESS]: Slot #021 -> Método: [POST  ] | Path: [/session/logout]
[2026-09-28 12:18:37] [INFO]: === TOTAL DE RUTAS MAPEADAS EN MEMORIA: [21/500] ===
[2026-09-28 14:50:17] [INFO]: Iniciando secuencia de vinculación de módulos...
[2026-09-28 14:50:17] [INFO]: === INICIANDO DETALLE DE MAPEO DE ENTRADAS (ROUTER) ===
[2026-09-28 14:50:17] [SUCCESS]: Slot #001 -> Método: [POST  ] | Path: [/session/set-context]
[2026-09-28 14:50:17] [SUCCESS]: Slot #002 -> Método: [POST  ] | Path: [/session/logout]
[2026-09-28 14:50:17] [SUCCESS]: Slot #003 -> Método: [GET   ] | Path: [/]
[2026-09-28 14:50:17] [SUCCESS]: Slot #004 -> Método: [GET   ] | Path: [/password]
[2026-09-28 14:50:17] [SUCCESS]: Slot #005 -> Método: [POST  ] | Path: [/password]
[2026-09-28 14:50:17] [SUCCESS]: Slot #006 -> Método: [GET   ] | Path: [/users]
[2026-09-28 14:50:17] [SUCCESS]: Slot #007 -> Método: [GET   ] | Path: [/users/register]
[2026-09-28 14:50:17] [SUCCESS]: Slot #008 -> Método: [POST  ] | Path: [/users/register]
[2026-09-28 14:50:17] [SUCCESS]: Slot #009 -> Método: [GET   ] | Path: [/login]
[2026-09-28 14:50:17] [SUCCESS]: Slot #010 -> Método: [POST  ] | Path: [/users/get-user]
[2026-09-28 14:50:17] [SUCCESS]: Slot #011 -> Método: [POST  ] | Path: [/login]
[2026-09-28 14:50:17] [SUCCESS]: Slot #012 -> Método: [GET   ] | Path: [/users/list]
[2026-09-28 14:50:17] [SUCCESS]: Slot #013 -> Método: [POST  ] | Path: [/users/get-role]
[2026-09-28 14:50:17] [SUCCESS]: Slot #014 -> Método: [POST  ] | Path: [/users/update-role]
[2026-09-28 14:50:17] [SUCCESS]: Slot #015 -> Método: [POST  ] | Path: [/users/get-id]
[2026-09-28 14:50:17] [SUCCESS]: Slot #016 -> Método: [GET   ] | Path: [/roles/list]
[2026-09-28 14:50:17] [SUCCESS]: Slot #017 -> Método: [POST  ] | Path: [/roles/add]
[2026-09-28 14:50:17] [SUCCESS]: Slot #018 -> Método: [POST  ] | Path: [/roles/edit]
[2026-09-28 14:50:17] [SUCCESS]: Slot #019 -> Método: [POST  ] | Path: [/roles/get]
[2026-09-28 14:50:17] [SUCCESS]: Slot #020 -> Método: [POST  ] | Path: [/session/set-context]
[2026-09-28 14:50:17] [SUCCESS]: Slot #021 -> Método: [POST  ] | Path: [/session/logout]
[2026-09-28 14:50:17] [INFO]: === TOTAL DE RUTAS MAPEADAS EN MEMORIA: [21/500] ===
[2026-09-28 14:55:43] [INFO]: Iniciando secuencia de vinculación de módulos...
[2026-09-28 14:55:43] [INFO]: === INICIANDO DETALLE DE MAPEO DE ENTRADAS (ROUTER) ===
[2026-09-28 14:55:43] [SUCCESS]: Slot #001 -> Método: [POST  ] | Path: [/session/set-context]
[2026-09-28 14:55:43] [SUCCESS]: Slot #002 -> Método: [POST  ] | Path: [/session/logout]
[2026-09-28 14:55:43] [SUCCESS]: Slot #003 -> Método: [GET   ] | Path: [/]
[2026-09-28 14:55:43] [SUCCESS]: Slot #004 -> Método: [GET   ] | Path: [/password]
[2026-09-28 14:55:43] [SUCCESS]: Slot #005 -> Método: [POST  ] | Path: [/password]
[2026-09-28 14:55:43] [SUCCESS]: Slot #006 -> Método: [GET   ] | Path: [/users]
[2026-09-28 14:55:43] [SUCCESS]: Slot #007 -> Método: [GET   ] | Path: [/users/register]
[2026-09-28 14:55:43] [SUCCESS]: Slot #008 -> Método: [POST  ] | Path: [/users/register]
[2026-09-28 14:55:43] [SUCCESS]: Slot #009 -> Método: [GET   ] | Path: [/login]
[2026-09-28 14:55:43] [SUCCESS]: Slot #010 -> Método: [POST  ] | Path: [/users/get-user]
[2026-09-28 14:55:43] [SUCCESS]: Slot #011 -> Método: [POST  ] | Path: [/login]
[2026-09-28 14:55:43] [SUCCESS]: Slot #012 -> Método: [GET   ] | Path: [/users/list]
[2026-09-28 14:55:43] [SUCCESS]: Slot #013 -> Método: [POST  ] | Path: [/users/get-role]
[2026-09-28 14:55:43] [SUCCESS]: Slot #014 -> Método: [POST  ] | Path: [/users/update-role]
[2026-09-28 14:55:43] [SUCCESS]: Slot #015 -> Método: [POST  ] | Path: [/users/get-id]
[2026-09-28 14:55:43] [SUCCESS]: Slot #016 -> Método: [GET   ] | Path: [/roles/list]
[2026-09-28 14:55:43] [SUCCESS]: Slot #017 -> Método: [POST  ] | Path: [/roles/add]
[2026-09-28 14:55:43] [SUCCESS]: Slot #018 -> Método: [POST  ] | Path: [/roles/edit]
[2026-09-28 14:55:43] [SUCCESS]: Slot #019 -> Método: [POST  ] | Path: [/roles/get]
[2026-09-28 14:55:43] [SUCCESS]: Slot #020 -> Método: [POST  ] | Path: [/session/set-context]
[2026-09-28 14:55:43] [SUCCESS]: Slot #021 -> Método: [POST  ] | Path: [/session/logout]
[2026-09-28 14:55:43] [INFO]: === TOTAL DE RUTAS MAPEADAS EN MEMORIA: [21/500] ===
[2026-09-28 14:58:39] [INFO]: Iniciando secuencia de vinculación de módulos...
[2026-09-28 14:58:39] [INFO]: === INICIANDO DETALLE DE MAPEO DE ENTRADAS (ROUTER) ===
[2026-09-28 14:58:39] [SUCCESS]: Slot #001 -> Método: [POST  ] | Path: [/session/set-context]
[2026-09-28 14:58:39] [SUCCESS]: Slot #002 -> Método: [POST  ] | Path: [/session/logout]
[2026-09-28 14:58:39] [SUCCESS]: Slot #003 -> Método: [GET   ] | Path: [/]
[2026-09-28 14:58:39] [SUCCESS]: Slot #004 -> Método: [GET   ] | Path: [/password]
[2026-09-28 14:58:39] [SUCCESS]: Slot #005 -> Método: [POST  ] | Path: [/password]
[2026-09-28 14:58:39] [SUCCESS]: Slot #006 -> Método: [GET   ] | Path: [/users]
[2026-09-28 14:58:39] [SUCCESS]: Slot #007 -> Método: [GET   ] | Path: [/users/register]
[2026-09-28 14:58:39] [SUCCESS]: Slot #008 -> Método: [POST  ] | Path: [/users/register]
[2026-09-28 14:58:39] [SUCCESS]: Slot #009 -> Método: [GET   ] | Path: [/login]
[2026-09-28 14:58:39] [SUCCESS]: Slot #010 -> Método: [POST  ] | Path: [/users/get-user]
[2026-09-28 14:58:39] [SUCCESS]: Slot #011 -> Método: [POST  ] | Path: [/login]
[2026-09-28 14:58:39] [SUCCESS]: Slot #012 -> Método: [GET   ] | Path: [/users/list]
[2026-09-28 14:58:39] [SUCCESS]: Slot #013 -> Método: [POST  ] | Path: [/users/get-role]
[2026-09-28 14:58:39] [SUCCESS]: Slot #014 -> Método: [POST  ] | Path: [/users/update-role]
[2026-09-28 14:58:39] [SUCCESS]: Slot #015 -> Método: [POST  ] | Path: [/users/get-id]
[2026-09-28 14:58:39] [SUCCESS]: Slot #016 -> Método: [GET   ] | Path: [/roles/list]
[2026-09-28 14:58:39] [SUCCESS]: Slot #017 -> Método: [POST  ] | Path: [/roles/add]
[2026-09-28 14:58:39] [SUCCESS]: Slot #018 -> Método: [POST  ] | Path: [/roles/edit]
[2026-09-28 14:58:39] [SUCCESS]: Slot #019 -> Método: [POST  ] | Path: [/roles/get]
[2026-09-28 14:58:39] [SUCCESS]: Slot #020 -> Método: [POST  ] | Path: [/session/set-context]
[2026-09-28 14:58:39] [SUCCESS]: Slot #021 -> Método: [POST  ] | Path: [/session/logout]
[2026-09-28 14:58:39] [INFO]: === TOTAL DE RUTAS MAPEADAS EN MEMORIA: [21/500] ===
[2026-09-28 15:01:16] [INFO]: Iniciando secuencia de vinculación de módulos...
[2026-09-28 15:01:16] [INFO]: === INICIANDO DETALLE DE MAPEO DE ENTRADAS (ROUTER) ===
[2026-09-28 15:01:16] [SUCCESS]: Slot #001 -> Método: [POST  ] | Path: [/session/set-context]
[2026-09-28 15:01:16] [SUCCESS]: Slot #002 -> Método: [POST  ] | Path: [/session/logout]
[2026-09-28 15:01:16] [SUCCESS]: Slot #003 -> Método: [GET   ] | Path: [/]
[2026-09-28 15:01:16] [SUCCESS]: Slot #004 -> Método: [GET   ] | Path: [/password]
[2026-09-28 15:01:16] [SUCCESS]: Slot #005 -> Método: [POST  ] | Path: [/password]
[2026-09-28 15:01:16] [SUCCESS]: Slot #006 -> Método: [GET   ] | Path: [/users]
[2026-09-28 15:01:16] [SUCCESS]: Slot #007 -> Método: [GET   ] | Path: [/users/register]
[2026-09-28 15:01:16] [SUCCESS]: Slot #008 -> Método: [POST  ] | Path: [/users/register]
[2026-09-28 15:01:16] [SUCCESS]: Slot #009 -> Método: [GET   ] | Path: [/login]
[2026-09-28 15:01:16] [SUCCESS]: Slot #010 -> Método: [POST  ] | Path: [/users/get-user]
[2026-09-28 15:01:16] [SUCCESS]: Slot #011 -> Método: [POST  ] | Path: [/login]
[2026-09-28 15:01:16] [SUCCESS]: Slot #012 -> Método: [GET   ] | Path: [/users/list]
[2026-09-28 15:01:16] [SUCCESS]: Slot #013 -> Método: [POST  ] | Path: [/users/get-role]
[2026-09-28 15:01:16] [SUCCESS]: Slot #014 -> Método: [POST  ] | Path: [/users/update-role]
[2026-09-28 15:01:16] [SUCCESS]: Slot #015 -> Método: [POST  ] | Path: [/users/get-id]
[2026-09-28 15:01:16] [SUCCESS]: Slot #016 -> Método: [GET   ] | Path: [/roles/list]
[2026-09-28 15:01:16] [SUCCESS]: Slot #017 -> Método: [POST  ] | Path: [/roles/add]
[2026-09-28 15:01:16] [SUCCESS]: Slot #018 -> Método: [POST  ] | Path: [/roles/edit]
[2026-09-28 15:01:16] [SUCCESS]: Slot #019 -> Método: [POST  ] | Path: [/roles/get]
[2026-09-28 15:01:16] [SUCCESS]: Slot #020 -> Método: [POST  ] | Path: [/session/set-context]
[2026-09-28 15:01:16] [SUCCESS]: Slot #021 -> Método: [POST  ] | Path: [/session/logout]
[2026-09-28 15:01:16] [INFO]: === TOTAL DE RUTAS MAPEADAS EN MEMORIA: [21/500] ===
[2026-09-29 08:27:49] [INFO]: Iniciando secuencia de vinculación de módulos...
[2026-09-29 08:27:49] [INFO]: === INICIANDO DETALLE DE MAPEO DE ENTRADAS (ROUTER) ===
[2026-09-29 08:27:49] [SUCCESS]: Slot #001 -> Método: [POST  ] | Path: [/session/set-context]
[2026-09-29 08:27:49] [SUCCESS]: Slot #002 -> Método: [POST  ] | Path: [/session/logout]
[2026-09-29 08:27:49] [SUCCESS]: Slot #003 -> Método: [GET   ] | Path: [/]
[2026-09-29 08:27:49] [SUCCESS]: Slot #004 -> Método: [GET   ] | Path: [/password]
[2026-09-29 08:27:49] [SUCCESS]: Slot #005 -> Método: [POST  ] | Path: [/password]
[2026-09-29 08:27:49] [SUCCESS]: Slot #006 -> Método: [GET   ] | Path: [/users]
[2026-09-29 08:27:49] [SUCCESS]: Slot #007 -> Método: [GET   ] | Path: [/users/register]
[2026-09-29 08:27:49] [SUCCESS]: Slot #008 -> Método: [POST  ] | Path: [/users/register]
[2026-09-29 08:27:49] [SUCCESS]: Slot #009 -> Método: [GET   ] | Path: [/login]
[2026-09-29 08:27:49] [SUCCESS]: Slot #010 -> Método: [POST  ] | Path: [/users/get-user]
[2026-09-29 08:27:49] [SUCCESS]: Slot #011 -> Método: [POST  ] | Path: [/login]
[2026-09-29 08:27:49] [SUCCESS]: Slot #012 -> Método: [GET   ] | Path: [/users/list]
[2026-09-29 08:27:49] [SUCCESS]: Slot #013 -> Método: [POST  ] | Path: [/users/get-role]
[2026-09-29 08:27:49] [SUCCESS]: Slot #014 -> Método: [POST  ] | Path: [/users/update-role]
[2026-09-29 08:27:49] [SUCCESS]: Slot #015 -> Método: [POST  ] | Path: [/users/get-id]
[2026-09-29 08:27:49] [SUCCESS]: Slot #016 -> Método: [GET   ] | Path: [/roles/list]
[2026-09-29 08:27:49] [SUCCESS]: Slot #017 -> Método: [POST  ] | Path: [/roles/add]
[2026-09-29 08:27:49] [SUCCESS]: Slot #018 -> Método: [POST  ] | Path: [/roles/edit]
[2026-09-29 08:27:49] [SUCCESS]: Slot #019 -> Método: [POST  ] | Path: [/roles/get]
[2026-09-29 08:27:49] [SUCCESS]: Slot #020 -> Método: [POST  ] | Path: [/session/set-context]
[2026-09-29 08:27:49] [SUCCESS]: Slot #021 -> Método: [POST  ] | Path: [/session/logout]
[2026-09-29 08:27:49] [INFO]: === TOTAL DE RUTAS MAPEADAS EN MEMORIA: [21/500] ===
[2026-09-29 10:15:27] [INFO]: Iniciando secuencia de vinculación de módulos...
[2026-09-29 10:15:27] [INFO]: === INICIANDO DETALLE DE MAPEO DE ENTRADAS (ROUTER) ===
[2026-09-29 10:15:27] [SUCCESS]: Slot #001 -> Método: [POST  ] | Path: [/session/set-context]
[2026-09-29 10:15:27] [SUCCESS]: Slot #002 -> Método: [POST  ] | Path: [/session/logout]
[2026-09-29 10:15:27] [SUCCESS]: Slot #003 -> Método: [GET   ] | Path: [/]
[2026-09-29 10:15:27] [SUCCESS]: Slot #004 -> Método: [GET   ] | Path: [/password]
[2026-09-29 10:15:27] [SUCCESS]: Slot #005 -> Método: [POST  ] | Path: [/password]
[2026-09-29 10:15:27] [SUCCESS]: Slot #006 -> Método: [GET   ] | Path: [/users]
[2026-09-29 10:15:27] [SUCCESS]: Slot #007 -> Método: [GET   ] | Path: [/users/register]
[2026-09-29 10:15:27] [SUCCESS]: Slot #008 -> Método: [POST  ] | Path: [/users/register]
[2026-09-29 10:15:27] [SUCCESS]: Slot #009 -> Método: [GET   ] | Path: [/login]
[2026-09-29 10:15:27] [SUCCESS]: Slot #010 -> Método: [POST  ] | Path: [/users/get-user]
[2026-09-29 10:15:27] [SUCCESS]: Slot #011 -> Método: [POST  ] | Path: [/login]
[2026-09-29 10:15:27] [SUCCESS]: Slot #012 -> Método: [GET   ] | Path: [/users/list]
[2026-09-29 10:15:27] [SUCCESS]: Slot #013 -> Método: [POST  ] | Path: [/users/get-role]
[2026-09-29 10:15:27] [SUCCESS]: Slot #014 -> Método: [POST  ] | Path: [/users/update-role]
[2026-09-29 10:15:27] [SUCCESS]: Slot #015 -> Método: [POST  ] | Path: [/users/get-id]
[2026-09-29 10:15:27] [SUCCESS]: Slot #016 -> Método: [GET   ] | Path: [/roles/list]
[2026-09-29 10:15:27] [SUCCESS]: Slot #017 -> Método: [POST  ] | Path: [/roles/add]
[2026-09-29 10:15:27] [SUCCESS]: Slot #018 -> Método: [POST  ] | Path: [/roles/edit]
[2026-09-29 10:15:27] [SUCCESS]: Slot #019 -> Método: [POST  ] | Path: [/roles/get]
[2026-09-29 10:15:27] [SUCCESS]: Slot #020 -> Método: [GET   ] | Path: [/genres/list]
[2026-09-29 10:15:27] [SUCCESS]: Slot #021 -> Método: [POST  ] | Path: [/genres/add]
[2026-09-29 10:15:27] [SUCCESS]: Slot #022 -> Método: [POST  ] | Path: [/genres/edit]
[2026-09-29 10:15:27] [SUCCESS]: Slot #023 -> Método: [POST  ] | Path: [/genres/get]
[2026-09-29 10:15:27] [SUCCESS]: Slot #024 -> Método: [POST  ] | Path: [/session/set-context]
[2026-09-29 10:15:27] [SUCCESS]: Slot #025 -> Método: [POST  ] | Path: [/session/logout]
[2026-09-29 10:15:27] [INFO]: === TOTAL DE RUTAS MAPEADAS EN MEMORIA: [25/500] ===
[2026-09-29 15:11:56] [INFO]: Iniciando secuencia de vinculación de módulos...
[2026-09-29 15:11:56] [INFO]: === INICIANDO DETALLE DE MAPEO DE ENTRADAS (ROUTER) ===
[2026-09-29 15:11:56] [SUCCESS]: Slot #001 -> Método: [POST  ] | Path: [/session/set-context]
[2026-09-29 15:11:56] [SUCCESS]: Slot #002 -> Método: [POST  ] | Path: [/session/logout]
[2026-09-29 15:11:56] [SUCCESS]: Slot #003 -> Método: [GET   ] | Path: [/]
[2026-09-29 15:11:56] [SUCCESS]: Slot #004 -> Método: [GET   ] | Path: [/password]
[2026-09-29 15:11:56] [SUCCESS]: Slot #005 -> Método: [POST  ] | Path: [/password]
[2026-09-29 15:11:56] [SUCCESS]: Slot #006 -> Método: [GET   ] | Path: [/users]
[2026-09-29 15:11:56] [SUCCESS]: Slot #007 -> Método: [GET   ] | Path: [/users/register]
[2026-09-29 15:11:56] [SUCCESS]: Slot #008 -> Método: [POST  ] | Path: [/users/register]
[2026-09-29 15:11:56] [SUCCESS]: Slot #009 -> Método: [GET   ] | Path: [/login]
[2026-09-29 15:11:56] [SUCCESS]: Slot #010 -> Método: [POST  ] | Path: [/users/get-user]
[2026-09-29 15:11:56] [SUCCESS]: Slot #011 -> Método: [POST  ] | Path: [/login]
[2026-09-29 15:11:56] [SUCCESS]: Slot #012 -> Método: [GET   ] | Path: [/users/list]
[2026-09-29 15:11:56] [SUCCESS]: Slot #013 -> Método: [POST  ] | Path: [/users/get-role]
[2026-09-29 15:11:56] [SUCCESS]: Slot #014 -> Método: [POST  ] | Path: [/users/update-role]
[2026-09-29 15:11:56] [SUCCESS]: Slot #015 -> Método: [POST  ] | Path: [/users/get-id]
[2026-09-29 15:11:56] [SUCCESS]: Slot #016 -> Método: [GET   ] | Path: [/roles/list]
[2026-09-29 15:11:56] [SUCCESS]: Slot #017 -> Método: [POST  ] | Path: [/roles/add]
[2026-09-29 15:11:56] [SUCCESS]: Slot #018 -> Método: [POST  ] | Path: [/roles/edit]
[2026-09-29 15:11:56] [SUCCESS]: Slot #019 -> Método: [POST  ] | Path: [/roles/get]
[2026-09-29 15:11:56] [SUCCESS]: Slot #020 -> Método: [GET   ] | Path: [/genres/list]
[2026-09-29 15:11:56] [SUCCESS]: Slot #021 -> Método: [POST  ] | Path: [/genres/add]
[2026-09-29 15:11:56] [SUCCESS]: Slot #022 -> Método: [POST  ] | Path: [/genres/edit]
[2026-09-29 15:11:56] [SUCCESS]: Slot #023 -> Método: [POST  ] | Path: [/genres/get]
[2026-09-29 15:11:56] [SUCCESS]: Slot #024 -> Método: [GET   ] | Path: [/music/list]
[2026-09-29 15:11:56] [SUCCESS]: Slot #025 -> Método: [POST  ] | Path: [/music/add]
[2026-09-29 15:11:56] [SUCCESS]: Slot #026 -> Método: [POST  ] | Path: [/music/edit]
[2026-09-29 15:11:56] [SUCCESS]: Slot #027 -> Método: [POST  ] | Path: [/music/get]
[2026-09-29 15:11:56] [SUCCESS]: Slot #028 -> Método: [POST  ] | Path: [/session/set-context]
[2026-09-29 15:11:56] [SUCCESS]: Slot #029 -> Método: [POST  ] | Path: [/session/logout]
[2026-09-29 15:11:56] [INFO]: === TOTAL DE RUTAS MAPEADAS EN MEMORIA: [29/500] ===
[2026-09-30 09:15:10] [INFO]: Iniciando secuencia de vinculación de módulos...
[2026-09-30 09:15:10] [INFO]: === INICIANDO DETALLE DE MAPEO DE ENTRADAS (ROUTER) ===
[2026-09-30 09:15:10] [SUCCESS]: Slot #001 -> Método: [POST  ] | Path: [/session/set-context]
[2026-09-30 09:15:10] [SUCCESS]: Slot #002 -> Método: [POST  ] | Path: [/session/logout]
[2026-09-30 09:15:10] [SUCCESS]: Slot #003 -> Método: [GET   ] | Path: [/]
[2026-09-30 09:15:10] [SUCCESS]: Slot #004 -> Método: [GET   ] | Path: [/password]
[2026-09-30 09:15:10] [SUCCESS]: Slot #005 -> Método: [POST  ] | Path: [/password]
[2026-09-30 09:15:10] [SUCCESS]: Slot #006 -> Método: [GET   ] | Path: [/users]
[2026-09-30 09:15:10] [SUCCESS]: Slot #007 -> Método: [GET   ] | Path: [/users/register]
[2026-09-30 09:15:10] [SUCCESS]: Slot #008 -> Método: [POST  ] | Path: [/users/register]
[2026-09-30 09:15:10] [SUCCESS]: Slot #009 -> Método: [GET   ] | Path: [/login]
[2026-09-30 09:15:10] [SUCCESS]: Slot #010 -> Método: [POST  ] | Path: [/users/get-user]
[2026-09-30 09:15:10] [SUCCESS]: Slot #011 -> Método: [POST  ] | Path: [/login]
[2026-09-30 09:15:10] [SUCCESS]: Slot #012 -> Método: [GET   ] | Path: [/users/list]
[2026-09-30 09:15:10] [SUCCESS]: Slot #013 -> Método: [POST  ] | Path: [/users/get-role]
[2026-09-30 09:15:10] [SUCCESS]: Slot #014 -> Método: [POST  ] | Path: [/users/update-role]
[2026-09-30 09:15:10] [SUCCESS]: Slot #015 -> Método: [POST  ] | Path: [/users/get-id]
[2026-09-30 09:15:10] [SUCCESS]: Slot #016 -> Método: [GET   ] | Path: [/roles/list]
[2026-09-30 09:15:10] [SUCCESS]: Slot #017 -> Método: [POST  ] | Path: [/roles/add]
[2026-09-30 09:15:10] [SUCCESS]: Slot #018 -> Método: [POST  ] | Path: [/roles/edit]
[2026-09-30 09:15:10] [SUCCESS]: Slot #019 -> Método: [POST  ] | Path: [/roles/get]
[2026-09-30 09:15:10] [SUCCESS]: Slot #020 -> Método: [GET   ] | Path: [/genres/list]
[2026-09-30 09:15:10] [SUCCESS]: Slot #021 -> Método: [POST  ] | Path: [/genres/add]
[2026-09-30 09:15:10] [SUCCESS]: Slot #022 -> Método: [POST  ] | Path: [/genres/edit]
[2026-09-30 09:15:10] [SUCCESS]: Slot #023 -> Método: [POST  ] | Path: [/genres/get]
[2026-09-30 09:15:10] [SUCCESS]: Slot #024 -> Método: [GET   ] | Path: [/music/list]
[2026-09-30 09:15:10] [SUCCESS]: Slot #025 -> Método: [POST  ] | Path: [/music/add]
[2026-09-30 09:15:10] [SUCCESS]: Slot #026 -> Método: [POST  ] | Path: [/music/edit]
[2026-09-30 09:15:10] [SUCCESS]: Slot #027 -> Método: [POST  ] | Path: [/music/get]
[2026-09-30 09:15:10] [SUCCESS]: Slot #028 -> Método: [POST  ] | Path: [/session/set-context]
[2026-09-30 09:15:10] [SUCCESS]: Slot #029 -> Método: [POST  ] | Path: [/session/logout]
[2026-09-30 09:15:10] [INFO]: === TOTAL DE RUTAS MAPEADAS EN MEMORIA: [29/500] ===
[2026-09-30 09:55:09] [INFO]: Iniciando secuencia de vinculación de módulos...
[2026-09-30 09:55:09] [INFO]: === INICIANDO DETALLE DE MAPEO DE ENTRADAS (ROUTER) ===
[2026-09-30 09:55:09] [SUCCESS]: Slot #001 -> Método: [POST  ] | Path: [/session/set-context]
[2026-09-30 09:55:09] [SUCCESS]: Slot #002 -> Método: [POST  ] | Path: [/session/logout]
[2026-09-30 09:55:09] [SUCCESS]: Slot #003 -> Método: [GET   ] | Path: [/]
[2026-09-30 09:55:09] [SUCCESS]: Slot #004 -> Método: [GET   ] | Path: [/password]
[2026-09-30 09:55:09] [SUCCESS]: Slot #005 -> Método: [POST  ] | Path: [/password]
[2026-09-30 09:55:09] [SUCCESS]: Slot #006 -> Método: [GET   ] | Path: [/users]
[2026-09-30 09:55:09] [SUCCESS]: Slot #007 -> Método: [GET   ] | Path: [/users/register]
[2026-09-30 09:55:09] [SUCCESS]: Slot #008 -> Método: [POST  ] | Path: [/users/register]
[2026-09-30 09:55:09] [SUCCESS]: Slot #009 -> Método: [GET   ] | Path: [/login]
[2026-09-30 09:55:09] [SUCCESS]: Slot #010 -> Método: [POST  ] | Path: [/users/get-user]
[2026-09-30 09:55:09] [SUCCESS]: Slot #011 -> Método: [POST  ] | Path: [/login]
[2026-09-30 09:55:09] [SUCCESS]: Slot #012 -> Método: [GET   ] | Path: [/users/list]
[2026-09-30 09:55:09] [SUCCESS]: Slot #013 -> Método: [POST  ] | Path: [/users/get-role]
[2026-09-30 09:55:09] [SUCCESS]: Slot #014 -> Método: [POST  ] | Path: [/users/update-role]
[2026-09-30 09:55:09] [SUCCESS]: Slot #015 -> Método: [POST  ] | Path: [/users/get-id]
[2026-09-30 09:55:09] [SUCCESS]: Slot #016 -> Método: [GET   ] | Path: [/roles/list]
[2026-09-30 09:55:09] [SUCCESS]: Slot #017 -> Método: [POST  ] | Path: [/roles/add]
[2026-09-30 09:55:09] [SUCCESS]: Slot #018 -> Método: [POST  ] | Path: [/roles/edit]
[2026-09-30 09:55:09] [SUCCESS]: Slot #019 -> Método: [POST  ] | Path: [/roles/get]
[2026-09-30 09:55:09] [SUCCESS]: Slot #020 -> Método: [GET   ] | Path: [/genres/list]
[2026-09-30 09:55:09] [SUCCESS]: Slot #021 -> Método: [POST  ] | Path: [/genres/add]
[2026-09-30 09:55:09] [SUCCESS]: Slot #022 -> Método: [POST  ] | Path: [/genres/edit]
[2026-09-30 09:55:09] [SUCCESS]: Slot #023 -> Método: [POST  ] | Path: [/genres/get]
[2026-09-30 09:55:09] [SUCCESS]: Slot #024 -> Método: [GET   ] | Path: [/music/list]
[2026-09-30 09:55:09] [SUCCESS]: Slot #025 -> Método: [POST  ] | Path: [/music/add]
[2026-09-30 09:55:09] [SUCCESS]: Slot #026 -> Método: [POST  ] | Path: [/music/edit]
[2026-09-30 09:55:09] [SUCCESS]: Slot #027 -> Método: [POST  ] | Path: [/music/get]
[2026-09-30 09:55:09] [SUCCESS]: Slot #028 -> Método: [GET   ] | Path: [/music/art]
[2026-09-30 09:55:09] [SUCCESS]: Slot #029 -> Método: [POST  ] | Path: [/session/set-context]
[2026-09-30 09:55:09] [SUCCESS]: Slot #030 -> Método: [POST  ] | Path: [/session/logout]
[2026-09-30 09:55:09] [INFO]: === TOTAL DE RUTAS MAPEADAS EN MEMORIA: [30/500] ===
[2026-09-30 10:14:08] [INFO]: Iniciando secuencia de vinculación de módulos...
[2026-09-30 10:14:08] [INFO]: === INICIANDO DETALLE DE MAPEO DE ENTRADAS (ROUTER) ===
[2026-09-30 10:14:08] [SUCCESS]: Slot #001 -> Método: [POST  ] | Path: [/session/set-context]
[2026-09-30 10:14:08] [SUCCESS]: Slot #002 -> Método: [POST  ] | Path: [/session/logout]
[2026-09-30 10:14:08] [SUCCESS]: Slot #003 -> Método: [GET   ] | Path: [/]
[2026-09-30 10:14:08] [SUCCESS]: Slot #004 -> Método: [GET   ] | Path: [/password]
[2026-09-30 10:14:08] [SUCCESS]: Slot #005 -> Método: [POST  ] | Path: [/password]
[2026-09-30 10:14:08] [SUCCESS]: Slot #006 -> Método: [GET   ] | Path: [/users]
[2026-09-30 10:14:08] [SUCCESS]: Slot #007 -> Método: [GET   ] | Path: [/users/register]
[2026-09-30 10:14:08] [SUCCESS]: Slot #008 -> Método: [POST  ] | Path: [/users/register]
[2026-09-30 10:14:08] [SUCCESS]: Slot #009 -> Método: [GET   ] | Path: [/login]
[2026-09-30 10:14:08] [SUCCESS]: Slot #010 -> Método: [POST  ] | Path: [/users/get-user]
[2026-09-30 10:14:08] [SUCCESS]: Slot #011 -> Método: [POST  ] | Path: [/login]
[2026-09-30 10:14:08] [SUCCESS]: Slot #012 -> Método: [GET   ] | Path: [/users/list]
[2026-09-30 10:14:08] [SUCCESS]: Slot #013 -> Método: [POST  ] | Path: [/users/get-role]
[2026-09-30 10:14:08] [SUCCESS]: Slot #014 -> Método: [POST  ] | Path: [/users/update-role]
[2026-09-30 10:14:08] [SUCCESS]: Slot #015 -> Método: [POST  ] | Path: [/users/get-id]
[2026-09-30 10:14:08] [SUCCESS]: Slot #016 -> Método: [GET   ] | Path: [/roles/list]
[2026-09-30 10:14:08] [SUCCESS]: Slot #017 -> Método: [POST  ] | Path: [/roles/add]
[2026-09-30 10:14:08] [SUCCESS]: Slot #018 -> Método: [POST  ] | Path: [/roles/edit]
[2026-09-30 10:14:08] [SUCCESS]: Slot #019 -> Método: [POST  ] | Path: [/roles/get]
[2026-09-30 10:14:08] [SUCCESS]: Slot #020 -> Método: [GET   ] | Path: [/genres/list]
[2026-09-30 10:14:08] [SUCCESS]: Slot #021 -> Método: [POST  ] | Path: [/genres/add]
[2026-09-30 10:14:08] [SUCCESS]: Slot #022 -> Método: [POST  ] | Path: [/genres/edit]
[2026-09-30 10:14:08] [SUCCESS]: Slot #023 -> Método: [POST  ] | Path: [/genres/get]
[2026-09-30 10:14:08] [SUCCESS]: Slot #024 -> Método: [GET   ] | Path: [/music/list]
[2026-09-30 10:14:08] [SUCCESS]: Slot #025 -> Método: [POST  ] | Path: [/music/add]
[2026-09-30 10:14:08] [SUCCESS]: Slot #026 -> Método: [POST  ] | Path: [/music/edit]
[2026-09-30 10:14:08] [SUCCESS]: Slot #027 -> Método: [POST  ] | Path: [/music/get]
[2026-09-30 10:14:08] [SUCCESS]: Slot #028 -> Método: [POST  ] | Path: [/music/art]
[2026-09-30 10:14:08] [SUCCESS]: Slot #029 -> Método: [POST  ] | Path: [/session/set-context]
[2026-09-30 10:14:08] [SUCCESS]: Slot #030 -> Método: [POST  ] | Path: [/session/logout]
[2026-09-30 10:14:08] [INFO]: === TOTAL DE RUTAS MAPEADAS EN MEMORIA: [30/500] ===
[2026-09-30 11:51:53] [INFO]: Iniciando secuencia de vinculación de módulos...
[2026-09-30 11:51:53] [INFO]: === INICIANDO DETALLE DE MAPEO DE ENTRADAS (ROUTER) ===
[2026-09-30 11:51:53] [SUCCESS]: Slot #001 -> Método: [POST  ] | Path: [/session/set-context]
[2026-09-30 11:51:53] [SUCCESS]: Slot #002 -> Método: [POST  ] | Path: [/session/logout]
[2026-09-30 11:51:53] [SUCCESS]: Slot #003 -> Método: [GET   ] | Path: [/]
[2026-09-30 11:51:53] [SUCCESS]: Slot #004 -> Método: [GET   ] | Path: [/password]
[2026-09-30 11:51:53] [SUCCESS]: Slot #005 -> Método: [POST  ] | Path: [/password]
[2026-09-30 11:51:53] [SUCCESS]: Slot #006 -> Método: [GET   ] | Path: [/users]
[2026-09-30 11:51:53] [SUCCESS]: Slot #007 -> Método: [GET   ] | Path: [/users/register]
[2026-09-30 11:51:53] [SUCCESS]: Slot #008 -> Método: [POST  ] | Path: [/users/register]
[2026-09-30 11:51:53] [SUCCESS]: Slot #009 -> Método: [GET   ] | Path: [/login]
[2026-09-30 11:51:53] [SUCCESS]: Slot #010 -> Método: [POST  ] | Path: [/users/get-user]
[2026-09-30 11:51:53] [SUCCESS]: Slot #011 -> Método: [POST  ] | Path: [/login]
[2026-09-30 11:51:53] [SUCCESS]: Slot #012 -> Método: [GET   ] | Path: [/users/list]
[2026-09-30 11:51:53] [SUCCESS]: Slot #013 -> Método: [POST  ] | Path: [/users/get-role]
[2026-09-30 11:51:53] [SUCCESS]: Slot #014 -> Método: [POST  ] | Path: [/users/update-role]
[2026-09-30 11:51:53] [SUCCESS]: Slot #015 -> Método: [POST  ] | Path: [/users/get-id]
[2026-09-30 11:51:53] [SUCCESS]: Slot #016 -> Método: [GET   ] | Path: [/roles/list]
[2026-09-30 11:51:53] [SUCCESS]: Slot #017 -> Método: [POST  ] | Path: [/roles/add]
[2026-09-30 11:51:53] [SUCCESS]: Slot #018 -> Método: [POST  ] | Path: [/roles/edit]
[2026-09-30 11:51:53] [SUCCESS]: Slot #019 -> Método: [POST  ] | Path: [/roles/get]
[2026-09-30 11:51:53] [SUCCESS]: Slot #020 -> Método: [GET   ] | Path: [/genres/list]
[2026-09-30 11:51:53] [SUCCESS]: Slot #021 -> Método: [POST  ] | Path: [/genres/add]
[2026-09-30 11:51:53] [SUCCESS]: Slot #022 -> Método: [POST  ] | Path: [/genres/edit]
[2026-09-30 11:51:53] [SUCCESS]: Slot #023 -> Método: [POST  ] | Path: [/genres/get]
[2026-09-30 11:51:53] [SUCCESS]: Slot #024 -> Método: [GET   ] | Path: [/music/list]
[2026-09-30 11:51:53] [SUCCESS]: Slot #025 -> Método: [POST  ] | Path: [/music/add]
[2026-09-30 11:51:53] [SUCCESS]: Slot #026 -> Método: [POST  ] | Path: [/music/edit]
[2026-09-30 11:51:53] [SUCCESS]: Slot #027 -> Método: [POST  ] | Path: [/music/get]
[2026-09-30 11:51:53] [SUCCESS]: Slot #028 -> Método: [POST  ] | Path: [/music/art]
[2026-09-30 11:51:53] [SUCCESS]: Slot #029 -> Método: [POST  ] | Path: [/player/tracks]
[2026-09-30 11:51:53] [SUCCESS]: Slot #030 -> Método: [POST  ] | Path: [/player/stream]
[2026-09-30 11:51:53] [SUCCESS]: Slot #031 -> Método: [POST  ] | Path: [/session/set-context]
[2026-09-30 11:51:53] [SUCCESS]: Slot #032 -> Método: [POST  ] | Path: [/session/logout]
[2026-09-30 11:51:53] [INFO]: === TOTAL DE RUTAS MAPEADAS EN MEMORIA: [32/500] ===
[2026-09-30 14:45:20] [INFO]: Iniciando secuencia de vinculación de módulos...
[2026-09-30 14:45:20] [INFO]: === INICIANDO DETALLE DE MAPEO DE ENTRADAS (ROUTER) ===
[2026-09-30 14:45:20] [SUCCESS]: Slot #001 -> Método: [POST  ] | Path: [/session/set-context]
[2026-09-30 14:45:20] [SUCCESS]: Slot #002 -> Método: [POST  ] | Path: [/session/logout]
[2026-09-30 14:45:20] [SUCCESS]: Slot #003 -> Método: [GET   ] | Path: [/]
[2026-09-30 14:45:20] [SUCCESS]: Slot #004 -> Método: [GET   ] | Path: [/password]
[2026-09-30 14:45:20] [SUCCESS]: Slot #005 -> Método: [POST  ] | Path: [/password]
[2026-09-30 14:45:20] [SUCCESS]: Slot #006 -> Método: [GET   ] | Path: [/users]
[2026-09-30 14:45:20] [SUCCESS]: Slot #007 -> Método: [GET   ] | Path: [/users/register]
[2026-09-30 14:45:20] [SUCCESS]: Slot #008 -> Método: [POST  ] | Path: [/users/register]
[2026-09-30 14:45:20] [SUCCESS]: Slot #009 -> Método: [GET   ] | Path: [/login]
[2026-09-30 14:45:20] [SUCCESS]: Slot #010 -> Método: [POST  ] | Path: [/users/get-user]
[2026-09-30 14:45:20] [SUCCESS]: Slot #011 -> Método: [POST  ] | Path: [/login]
[2026-09-30 14:45:20] [SUCCESS]: Slot #012 -> Método: [GET   ] | Path: [/users/list]
[2026-09-30 14:45:20] [SUCCESS]: Slot #013 -> Método: [POST  ] | Path: [/users/get-role]
[2026-09-30 14:45:20] [SUCCESS]: Slot #014 -> Método: [POST  ] | Path: [/users/update-role]
[2026-09-30 14:45:20] [SUCCESS]: Slot #015 -> Método: [POST  ] | Path: [/users/get-id]
[2026-09-30 14:45:20] [SUCCESS]: Slot #016 -> Método: [GET   ] | Path: [/roles/list]
[2026-09-30 14:45:20] [SUCCESS]: Slot #017 -> Método: [POST  ] | Path: [/roles/add]
[2026-09-30 14:45:20] [SUCCESS]: Slot #018 -> Método: [POST  ] | Path: [/roles/edit]
[2026-09-30 14:45:20] [SUCCESS]: Slot #019 -> Método: [POST  ] | Path: [/roles/get]
[2026-09-30 14:45:20] [SUCCESS]: Slot #020 -> Método: [GET   ] | Path: [/genres/list]
[2026-09-30 14:45:20] [SUCCESS]: Slot #021 -> Método: [POST  ] | Path: [/genres/add]
[2026-09-30 14:45:20] [SUCCESS]: Slot #022 -> Método: [POST  ] | Path: [/genres/edit]
[2026-09-30 14:45:20] [SUCCESS]: Slot #023 -> Método: [POST  ] | Path: [/genres/get]
[2026-09-30 14:45:20] [SUCCESS]: Slot #024 -> Método: [GET   ] | Path: [/music/list]
[2026-09-30 14:45:20] [SUCCESS]: Slot #025 -> Método: [POST  ] | Path: [/music/add]
[2026-09-30 14:45:20] [SUCCESS]: Slot #026 -> Método: [POST  ] | Path: [/music/edit]
[2026-09-30 14:45:20] [SUCCESS]: Slot #027 -> Método: [POST  ] | Path: [/music/get]
[2026-09-30 14:45:20] [SUCCESS]: Slot #028 -> Método: [POST  ] | Path: [/music/art]
[2026-09-30 14:45:20] [SUCCESS]: Slot #029 -> Método: [POST  ] | Path: [/player/tracks]
[2026-09-30 14:45:20] [SUCCESS]: Slot #030 -> Método: [POST  ] | Path: [/player/stream]
[2026-09-30 14:45:20] [SUCCESS]: Slot #031 -> Método: [POST  ] | Path: [/download/album]
[2026-09-30 14:45:20] [SUCCESS]: Slot #032 -> Método: [POST  ] | Path: [/session/set-context]
[2026-09-30 14:45:20] [SUCCESS]: Slot #033 -> Método: [POST  ] | Path: [/session/logout]
[2026-09-30 14:45:20] [INFO]: === TOTAL DE RUTAS MAPEADAS EN MEMORIA: [33/500] ===
[2026-09-30 15:13:05] [INFO]: Iniciando secuencia de vinculación de módulos...
[2026-09-30 15:13:05] [INFO]: === INICIANDO DETALLE DE MAPEO DE ENTRADAS (ROUTER) ===
[2026-09-30 15:13:05] [SUCCESS]: Slot #001 -> Método: [POST  ] | Path: [/session/set-context]
[2026-09-30 15:13:05] [SUCCESS]: Slot #002 -> Método: [POST  ] | Path: [/session/logout]
[2026-09-30 15:13:05] [SUCCESS]: Slot #003 -> Método: [GET   ] | Path: [/]
[2026-09-30 15:13:05] [SUCCESS]: Slot #004 -> Método: [GET   ] | Path: [/password]
[2026-09-30 15:13:05] [SUCCESS]: Slot #005 -> Método: [POST  ] | Path: [/password]
[2026-09-30 15:13:05] [SUCCESS]: Slot #006 -> Método: [GET   ] | Path: [/users]
[2026-09-30 15:13:05] [SUCCESS]: Slot #007 -> Método: [GET   ] | Path: [/users/register]
[2026-09-30 15:13:05] [SUCCESS]: Slot #008 -> Método: [POST  ] | Path: [/users/register]
[2026-09-30 15:13:05] [SUCCESS]: Slot #009 -> Método: [GET   ] | Path: [/login]
[2026-09-30 15:13:05] [SUCCESS]: Slot #010 -> Método: [POST  ] | Path: [/users/get-user]
[2026-09-30 15:13:05] [SUCCESS]: Slot #011 -> Método: [POST  ] | Path: [/login]
[2026-09-30 15:13:05] [SUCCESS]: Slot #012 -> Método: [GET   ] | Path: [/users/list]
[2026-09-30 15:13:05] [SUCCESS]: Slot #013 -> Método: [POST  ] | Path: [/users/get-role]
[2026-09-30 15:13:05] [SUCCESS]: Slot #014 -> Método: [POST  ] | Path: [/users/update-role]
[2026-09-30 15:13:05] [SUCCESS]: Slot #015 -> Método: [POST  ] | Path: [/users/get-id]
[2026-09-30 15:13:05] [SUCCESS]: Slot #016 -> Método: [GET   ] | Path: [/roles/list]
[2026-09-30 15:13:05] [SUCCESS]: Slot #017 -> Método: [POST  ] | Path: [/roles/add]
[2026-09-30 15:13:05] [SUCCESS]: Slot #018 -> Método: [POST  ] | Path: [/roles/edit]
[2026-09-30 15:13:05] [SUCCESS]: Slot #019 -> Método: [POST  ] | Path: [/roles/get]
[2026-09-30 15:13:05] [SUCCESS]: Slot #020 -> Método: [GET   ] | Path: [/genres/list]
[2026-09-30 15:13:05] [SUCCESS]: Slot #021 -> Método: [POST  ] | Path: [/genres/add]
[2026-09-30 15:13:05] [SUCCESS]: Slot #022 -> Método: [POST  ] | Path: [/genres/edit]
[2026-09-30 15:13:05] [SUCCESS]: Slot #023 -> Método: [POST  ] | Path: [/genres/get]
[2026-09-30 15:13:05] [SUCCESS]: Slot #024 -> Método: [GET   ] | Path: [/music/list]
[2026-09-30 15:13:05] [SUCCESS]: Slot #025 -> Método: [POST  ] | Path: [/music/add]
[2026-09-30 15:13:05] [SUCCESS]: Slot #026 -> Método: [POST  ] | Path: [/music/edit]
[2026-09-30 15:13:05] [SUCCESS]: Slot #027 -> Método: [POST  ] | Path: [/music/get]
[2026-09-30 15:13:05] [SUCCESS]: Slot #028 -> Método: [POST  ] | Path: [/music/art]
[2026-09-30 15:13:05] [SUCCESS]: Slot #029 -> Método: [POST  ] | Path: [/player/tracks]
[2026-09-30 15:13:05] [SUCCESS]: Slot #030 -> Método: [POST  ] | Path: [/player/stream]
[2026-09-30 15:13:05] [SUCCESS]: Slot #031 -> Método: [POST  ] | Path: [/download/album]
[2026-09-30 15:13:05] [SUCCESS]: Slot #032 -> Método: [POST  ] | Path: [/session/set-context]
[2026-09-30 15:13:05] [SUCCESS]: Slot #033 -> Método: [POST  ] | Path: [/session/logout]
[2026-09-30 15:13:05] [INFO]: === TOTAL DE RUTAS MAPEADAS EN MEMORIA: [33/500] ===
[2026-09-30 15:16:36] [INFO]: Iniciando secuencia de vinculación de módulos...
[2026-09-30 15:16:36] [INFO]: === INICIANDO DETALLE DE MAPEO DE ENTRADAS (ROUTER) ===
[2026-09-30 15:16:36] [SUCCESS]: Slot #001 -> Método: [POST  ] | Path: [/session/set-context]
[2026-09-30 15:16:36] [SUCCESS]: Slot #002 -> Método: [POST  ] | Path: [/session/logout]
[2026-09-30 15:16:36] [SUCCESS]: Slot #003 -> Método: [GET   ] | Path: [/]
[2026-09-30 15:16:36] [SUCCESS]: Slot #004 -> Método: [GET   ] | Path: [/password]
[2026-09-30 15:16:36] [SUCCESS]: Slot #005 -> Método: [POST  ] | Path: [/password]
[2026-09-30 15:16:36] [SUCCESS]: Slot #006 -> Método: [GET   ] | Path: [/users]
[2026-09-30 15:16:36] [SUCCESS]: Slot #007 -> Método: [GET   ] | Path: [/users/register]
[2026-09-30 15:16:36] [SUCCESS]: Slot #008 -> Método: [POST  ] | Path: [/users/register]
[2026-09-30 15:16:36] [SUCCESS]: Slot #009 -> Método: [GET   ] | Path: [/login]
[2026-09-30 15:16:36] [SUCCESS]: Slot #010 -> Método: [POST  ] | Path: [/users/get-user]
[2026-09-30 15:16:36] [SUCCESS]: Slot #011 -> Método: [POST  ] | Path: [/login]
[2026-09-30 15:16:36] [SUCCESS]: Slot #012 -> Método: [GET   ] | Path: [/users/list]
[2026-09-30 15:16:36] [SUCCESS]: Slot #013 -> Método: [POST  ] | Path: [/users/get-role]
[2026-09-30 15:16:36] [SUCCESS]: Slot #014 -> Método: [POST  ] | Path: [/users/update-role]
[2026-09-30 15:16:36] [SUCCESS]: Slot #015 -> Método: [POST  ] | Path: [/users/get-id]
[2026-09-30 15:16:36] [SUCCESS]: Slot #016 -> Método: [GET   ] | Path: [/roles/list]
[2026-09-30 15:16:36] [SUCCESS]: Slot #017 -> Método: [POST  ] | Path: [/roles/add]
[2026-09-30 15:16:36] [SUCCESS]: Slot #018 -> Método: [POST  ] | Path: [/roles/edit]
[2026-09-30 15:16:36] [SUCCESS]: Slot #019 -> Método: [POST  ] | Path: [/roles/get]
[2026-09-30 15:16:36] [SUCCESS]: Slot #020 -> Método: [GET   ] | Path: [/genres/list]
[2026-09-30 15:16:36] [SUCCESS]: Slot #021 -> Método: [POST  ] | Path: [/genres/add]
[2026-09-30 15:16:36] [SUCCESS]: Slot #022 -> Método: [POST  ] | Path: [/genres/edit]
[2026-09-30 15:16:36] [SUCCESS]: Slot #023 -> Método: [POST  ] | Path: [/genres/get]
[2026-09-30 15:16:36] [SUCCESS]: Slot #024 -> Método: [GET   ] | Path: [/music/list]
[2026-09-30 15:16:36] [SUCCESS]: Slot #025 -> Método: [POST  ] | Path: [/music/add]
[2026-09-30 15:16:36] [SUCCESS]: Slot #026 -> Método: [POST  ] | Path: [/music/edit]
[2026-09-30 15:16:36] [SUCCESS]: Slot #027 -> Método: [POST  ] | Path: [/music/get]
[2026-09-30 15:16:36] [SUCCESS]: Slot #028 -> Método: [POST  ] | Path: [/music/art]
[2026-09-30 15:16:36] [SUCCESS]: Slot #029 -> Método: [POST  ] | Path: [/player/tracks]
[2026-09-30 15:16:36] [SUCCESS]: Slot #030 -> Método: [POST  ] | Path: [/player/stream]
[2026-09-30 15:16:36] [SUCCESS]: Slot #031 -> Método: [POST  ] | Path: [/download/album]
[2026-09-30 15:16:36] [SUCCESS]: Slot #032 -> Método: [POST  ] | Path: [/session/set-context]
[2026-09-30 15:16:36] [SUCCESS]: Slot #033 -> Método: [POST  ] | Path: [/session/logout]
[2026-09-30 15:16:36] [INFO]: === TOTAL DE RUTAS MAPEADAS EN MEMORIA: [33/500] ===
[2026-10-01 09:39:37] [INFO]: Iniciando secuencia de vinculación de módulos...
[2026-10-01 09:39:37] [INFO]: === INICIANDO DETALLE DE MAPEO DE ENTRADAS (ROUTER) ===
[2026-10-01 09:39:37] [SUCCESS]: Slot #001 -> Método: [POST  ] | Path: [/session/set-context]
[2026-10-01 09:39:37] [SUCCESS]: Slot #002 -> Método: [POST  ] | Path: [/session/logout]
[2026-10-01 09:39:37] [SUCCESS]: Slot #003 -> Método: [GET   ] | Path: [/]
[2026-10-01 09:39:37] [SUCCESS]: Slot #004 -> Método: [GET   ] | Path: [/password]
[2026-10-01 09:39:37] [SUCCESS]: Slot #005 -> Método: [POST  ] | Path: [/password]
[2026-10-01 09:39:37] [SUCCESS]: Slot #006 -> Método: [GET   ] | Path: [/users]
[2026-10-01 09:39:37] [SUCCESS]: Slot #007 -> Método: [GET   ] | Path: [/users/register]
[2026-10-01 09:39:37] [SUCCESS]: Slot #008 -> Método: [POST  ] | Path: [/users/register]
[2026-10-01 09:39:37] [SUCCESS]: Slot #009 -> Método: [GET   ] | Path: [/login]
[2026-10-01 09:39:37] [SUCCESS]: Slot #010 -> Método: [POST  ] | Path: [/users/get-user]
[2026-10-01 09:39:37] [SUCCESS]: Slot #011 -> Método: [POST  ] | Path: [/login]
[2026-10-01 09:39:37] [SUCCESS]: Slot #012 -> Método: [GET   ] | Path: [/users/list]
[2026-10-01 09:39:37] [SUCCESS]: Slot #013 -> Método: [POST  ] | Path: [/users/get-role]
[2026-10-01 09:39:37] [SUCCESS]: Slot #014 -> Método: [POST  ] | Path: [/users/update-role]
[2026-10-01 09:39:37] [SUCCESS]: Slot #015 -> Método: [POST  ] | Path: [/users/get-id]
[2026-10-01 09:39:37] [SUCCESS]: Slot #016 -> Método: [GET   ] | Path: [/roles/list]
[2026-10-01 09:39:37] [SUCCESS]: Slot #017 -> Método: [POST  ] | Path: [/roles/add]
[2026-10-01 09:39:37] [SUCCESS]: Slot #018 -> Método: [POST  ] | Path: [/roles/edit]
[2026-10-01 09:39:37] [SUCCESS]: Slot #019 -> Método: [POST  ] | Path: [/roles/get]
[2026-10-01 09:39:37] [SUCCESS]: Slot #020 -> Método: [GET   ] | Path: [/genres/list]
[2026-10-01 09:39:37] [SUCCESS]: Slot #021 -> Método: [POST  ] | Path: [/genres/add]
[2026-10-01 09:39:37] [SUCCESS]: Slot #022 -> Método: [POST  ] | Path: [/genres/edit]
[2026-10-01 09:39:37] [SUCCESS]: Slot #023 -> Método: [POST  ] | Path: [/genres/get]
[2026-10-01 09:39:37] [SUCCESS]: Slot #024 -> Método: [GET   ] | Path: [/music/list]
[2026-10-01 09:39:37] [SUCCESS]: Slot #025 -> Método: [POST  ] | Path: [/music/add]
[2026-10-01 09:39:37] [SUCCESS]: Slot #026 -> Método: [POST  ] | Path: [/music/edit]
[2026-10-01 09:39:37] [SUCCESS]: Slot #027 -> Método: [POST  ] | Path: [/music/get]
[2026-10-01 09:39:37] [SUCCESS]: Slot #028 -> Método: [POST  ] | Path: [/music/art]
[2026-10-01 09:39:37] [SUCCESS]: Slot #029 -> Método: [POST  ] | Path: [/player/tracks]
[2026-10-01 09:39:37] [SUCCESS]: Slot #030 -> Método: [POST  ] | Path: [/player/stream]
[2026-10-01 09:39:37] [SUCCESS]: Slot #031 -> Método: [POST  ] | Path: [/download/album]
[2026-10-01 09:39:37] [SUCCESS]: Slot #032 -> Método: [POST  ] | Path: [/session/set-context]
[2026-10-01 09:39:37] [SUCCESS]: Slot #033 -> Método: [POST  ] | Path: [/session/logout]
[2026-10-01 09:39:37] [INFO]: === TOTAL DE RUTAS MAPEADAS EN MEMORIA: [33/500] ===
[2026-10-01 10:15:50] [INFO]: Iniciando secuencia de vinculación de módulos...
[2026-10-01 10:15:50] [INFO]: === INICIANDO DETALLE DE MAPEO DE ENTRADAS (ROUTER) ===
[2026-10-01 10:15:50] [SUCCESS]: Slot #001 -> Método: [POST  ] | Path: [/session/set-context]
[2026-10-01 10:15:50] [SUCCESS]: Slot #002 -> Método: [POST  ] | Path: [/session/logout]
[2026-10-01 10:15:50] [SUCCESS]: Slot #003 -> Método: [GET   ] | Path: [/]
[2026-10-01 10:15:50] [SUCCESS]: Slot #004 -> Método: [GET   ] | Path: [/password]
[2026-10-01 10:15:50] [SUCCESS]: Slot #005 -> Método: [POST  ] | Path: [/password]
[2026-10-01 10:15:50] [SUCCESS]: Slot #006 -> Método: [GET   ] | Path: [/users]
[2026-10-01 10:15:50] [SUCCESS]: Slot #007 -> Método: [GET   ] | Path: [/users/register]
[2026-10-01 10:15:50] [SUCCESS]: Slot #008 -> Método: [POST  ] | Path: [/users/register]
[2026-10-01 10:15:50] [SUCCESS]: Slot #009 -> Método: [GET   ] | Path: [/login]
[2026-10-01 10:15:50] [SUCCESS]: Slot #010 -> Método: [POST  ] | Path: [/users/get-user]
[2026-10-01 10:15:50] [SUCCESS]: Slot #011 -> Método: [POST  ] | Path: [/login]
[2026-10-01 10:15:50] [SUCCESS]: Slot #012 -> Método: [GET   ] | Path: [/users/list]
[2026-10-01 10:15:50] [SUCCESS]: Slot #013 -> Método: [POST  ] | Path: [/users/get-role]
[2026-10-01 10:15:50] [SUCCESS]: Slot #014 -> Método: [POST  ] | Path: [/users/update-role]
[2026-10-01 10:15:50] [SUCCESS]: Slot #015 -> Método: [POST  ] | Path: [/users/get-id]
[2026-10-01 10:15:50] [SUCCESS]: Slot #016 -> Método: [GET   ] | Path: [/roles/list]
[2026-10-01 10:15:50] [SUCCESS]: Slot #017 -> Método: [POST  ] | Path: [/roles/add]
[2026-10-01 10:15:50] [SUCCESS]: Slot #018 -> Método: [POST  ] | Path: [/roles/edit]
[2026-10-01 10:15:50] [SUCCESS]: Slot #019 -> Método: [POST  ] | Path: [/roles/get]
[2026-10-01 10:15:50] [SUCCESS]: Slot #020 -> Método: [GET   ] | Path: [/genres/list]
[2026-10-01 10:15:50] [SUCCESS]: Slot #021 -> Método: [POST  ] | Path: [/genres/add]
[2026-10-01 10:15:50] [SUCCESS]: Slot #022 -> Método: [POST  ] | Path: [/genres/edit]
[2026-10-01 10:15:50] [SUCCESS]: Slot #023 -> Método: [POST  ] | Path: [/genres/get]
[2026-10-01 10:15:50] [SUCCESS]: Slot #024 -> Método: [GET   ] | Path: [/music/list]
[2026-10-01 10:15:50] [SUCCESS]: Slot #025 -> Método: [POST  ] | Path: [/music/add]
[2026-10-01 10:15:50] [SUCCESS]: Slot #026 -> Método: [POST  ] | Path: [/music/edit]
[2026-10-01 10:15:50] [SUCCESS]: Slot #027 -> Método: [POST  ] | Path: [/music/get]
[2026-10-01 10:15:50] [SUCCESS]: Slot #028 -> Método: [POST  ] | Path: [/music/art]
[2026-10-01 10:15:50] [SUCCESS]: Slot #029 -> Método: [POST  ] | Path: [/player/tracks]
[2026-10-01 10:15:50] [SUCCESS]: Slot #030 -> Método: [POST  ] | Path: [/player/stream]
[2026-10-01 10:15:50] [SUCCESS]: Slot #031 -> Método: [POST  ] | Path: [/download/album]
[2026-10-01 10:15:50] [SUCCESS]: Slot #032 -> Método: [POST  ] | Path: [/billboard/hit]
[2026-10-01 10:15:50] [SUCCESS]: Slot #033 -> Método: [GET   ] | Path: [/billboard/top]
[2026-10-01 10:15:50] [SUCCESS]: Slot #034 -> Método: [POST  ] | Path: [/billboard/recommend]
[2026-10-01 10:15:50] [SUCCESS]: Slot #035 -> Método: [POST  ] | Path: [/session/set-context]
[2026-10-01 10:15:50] [SUCCESS]: Slot #036 -> Método: [POST  ] | Path: [/session/logout]
[2026-10-01 10:15:50] [INFO]: === TOTAL DE RUTAS MAPEADAS EN MEMORIA: [36/500] ===
[2026-10-01 10:54:52] [INFO]: Iniciando secuencia de vinculación de módulos...
[2026-10-01 10:54:52] [INFO]: === INICIANDO DETALLE DE MAPEO DE ENTRADAS (ROUTER) ===
[2026-10-01 10:54:52] [SUCCESS]: Slot #001 -> Método: [POST  ] | Path: [/session/set-context]
[2026-10-01 10:54:52] [SUCCESS]: Slot #002 -> Método: [POST  ] | Path: [/session/logout]
[2026-10-01 10:54:52] [SUCCESS]: Slot #003 -> Método: [GET   ] | Path: [/]
[2026-10-01 10:54:52] [SUCCESS]: Slot #004 -> Método: [GET   ] | Path: [/password]
[2026-10-01 10:54:52] [SUCCESS]: Slot #005 -> Método: [POST  ] | Path: [/password]
[2026-10-01 10:54:52] [SUCCESS]: Slot #006 -> Método: [GET   ] | Path: [/users]
[2026-10-01 10:54:52] [SUCCESS]: Slot #007 -> Método: [GET   ] | Path: [/users/register]
[2026-10-01 10:54:52] [SUCCESS]: Slot #008 -> Método: [POST  ] | Path: [/users/register]
[2026-10-01 10:54:52] [SUCCESS]: Slot #009 -> Método: [GET   ] | Path: [/login]
[2026-10-01 10:54:52] [SUCCESS]: Slot #010 -> Método: [POST  ] | Path: [/users/get-user]
[2026-10-01 10:54:52] [SUCCESS]: Slot #011 -> Método: [POST  ] | Path: [/login]
[2026-10-01 10:54:52] [SUCCESS]: Slot #012 -> Método: [GET   ] | Path: [/users/list]
[2026-10-01 10:54:52] [SUCCESS]: Slot #013 -> Método: [POST  ] | Path: [/users/get-role]
[2026-10-01 10:54:52] [SUCCESS]: Slot #014 -> Método: [POST  ] | Path: [/users/update-role]
[2026-10-01 10:54:52] [SUCCESS]: Slot #015 -> Método: [POST  ] | Path: [/users/get-id]
[2026-10-01 10:54:52] [SUCCESS]: Slot #016 -> Método: [GET   ] | Path: [/roles/list]
[2026-10-01 10:54:52] [SUCCESS]: Slot #017 -> Método: [POST  ] | Path: [/roles/add]
[2026-10-01 10:54:52] [SUCCESS]: Slot #018 -> Método: [POST  ] | Path: [/roles/edit]
[2026-10-01 10:54:52] [SUCCESS]: Slot #019 -> Método: [POST  ] | Path: [/roles/get]
[2026-10-01 10:54:52] [SUCCESS]: Slot #020 -> Método: [GET   ] | Path: [/genres/list]
[2026-10-01 10:54:52] [SUCCESS]: Slot #021 -> Método: [POST  ] | Path: [/genres/add]
[2026-10-01 10:54:52] [SUCCESS]: Slot #022 -> Método: [POST  ] | Path: [/genres/edit]
[2026-10-01 10:54:52] [SUCCESS]: Slot #023 -> Método: [POST  ] | Path: [/genres/get]
[2026-10-01 10:54:52] [SUCCESS]: Slot #024 -> Método: [GET   ] | Path: [/music/list]
[2026-10-01 10:54:52] [SUCCESS]: Slot #025 -> Método: [POST  ] | Path: [/music/add]
[2026-10-01 10:54:52] [SUCCESS]: Slot #026 -> Método: [POST  ] | Path: [/music/edit]
[2026-10-01 10:54:52] [SUCCESS]: Slot #027 -> Método: [POST  ] | Path: [/music/get]
[2026-10-01 10:54:52] [SUCCESS]: Slot #028 -> Método: [POST  ] | Path: [/music/art]
[2026-10-01 10:54:52] [SUCCESS]: Slot #029 -> Método: [POST  ] | Path: [/player/tracks]
[2026-10-01 10:54:52] [SUCCESS]: Slot #030 -> Método: [POST  ] | Path: [/player/stream]
[2026-10-01 10:54:52] [SUCCESS]: Slot #031 -> Método: [POST  ] | Path: [/download/album]
[2026-10-01 10:54:52] [SUCCESS]: Slot #032 -> Método: [POST  ] | Path: [/billboard/hit]
[2026-10-01 10:54:52] [SUCCESS]: Slot #033 -> Método: [GET   ] | Path: [/billboard/top]
[2026-10-01 10:54:52] [SUCCESS]: Slot #034 -> Método: [POST  ] | Path: [/billboard/recommend]
[2026-10-01 10:54:52] [SUCCESS]: Slot #035 -> Método: [POST  ] | Path: [/session/set-context]
[2026-10-01 10:54:52] [SUCCESS]: Slot #036 -> Método: [POST  ] | Path: [/session/logout]
[2026-10-01 10:54:52] [INFO]: === TOTAL DE RUTAS MAPEADAS EN MEMORIA: [36/500] ===
[2026-10-01 11:28:38] [INFO]: Iniciando secuencia de vinculación de módulos...
[2026-10-01 11:28:38] [INFO]: === INICIANDO DETALLE DE MAPEO DE ENTRADAS (ROUTER) ===
[2026-10-01 11:28:38] [SUCCESS]: Slot #001 -> Método: [POST  ] | Path: [/session/set-context]
[2026-10-01 11:28:38] [SUCCESS]: Slot #002 -> Método: [POST  ] | Path: [/session/logout]
[2026-10-01 11:28:38] [SUCCESS]: Slot #003 -> Método: [GET   ] | Path: [/]
[2026-10-01 11:28:38] [SUCCESS]: Slot #004 -> Método: [GET   ] | Path: [/password]
[2026-10-01 11:28:38] [SUCCESS]: Slot #005 -> Método: [POST  ] | Path: [/password]
[2026-10-01 11:28:38] [SUCCESS]: Slot #006 -> Método: [GET   ] | Path: [/users]
[2026-10-01 11:28:38] [SUCCESS]: Slot #007 -> Método: [GET   ] | Path: [/users/register]
[2026-10-01 11:28:38] [SUCCESS]: Slot #008 -> Método: [POST  ] | Path: [/users/register]
[2026-10-01 11:28:38] [SUCCESS]: Slot #009 -> Método: [GET   ] | Path: [/login]
[2026-10-01 11:28:38] [SUCCESS]: Slot #010 -> Método: [POST  ] | Path: [/users/get-user]
[2026-10-01 11:28:38] [SUCCESS]: Slot #011 -> Método: [POST  ] | Path: [/login]
[2026-10-01 11:28:38] [SUCCESS]: Slot #012 -> Método: [GET   ] | Path: [/users/list]
[2026-10-01 11:28:38] [SUCCESS]: Slot #013 -> Método: [POST  ] | Path: [/users/get-role]
[2026-10-01 11:28:38] [SUCCESS]: Slot #014 -> Método: [POST  ] | Path: [/users/update-role]
[2026-10-01 11:28:38] [SUCCESS]: Slot #015 -> Método: [POST  ] | Path: [/users/get-id]
[2026-10-01 11:28:38] [SUCCESS]: Slot #016 -> Método: [GET   ] | Path: [/roles/list]
[2026-10-01 11:28:38] [SUCCESS]: Slot #017 -> Método: [POST  ] | Path: [/roles/add]
[2026-10-01 11:28:38] [SUCCESS]: Slot #018 -> Método: [POST  ] | Path: [/roles/edit]
[2026-10-01 11:28:38] [SUCCESS]: Slot #019 -> Método: [POST  ] | Path: [/roles/get]
[2026-10-01 11:28:38] [SUCCESS]: Slot #020 -> Método: [GET   ] | Path: [/genres/list]
[2026-10-01 11:28:38] [SUCCESS]: Slot #021 -> Método: [POST  ] | Path: [/genres/add]
[2026-10-01 11:28:38] [SUCCESS]: Slot #022 -> Método: [POST  ] | Path: [/genres/edit]
[2026-10-01 11:28:38] [SUCCESS]: Slot #023 -> Método: [POST  ] | Path: [/genres/get]
[2026-10-01 11:28:38] [SUCCESS]: Slot #024 -> Método: [GET   ] | Path: [/music/list]
[2026-10-01 11:28:38] [SUCCESS]: Slot #025 -> Método: [POST  ] | Path: [/music/add]
[2026-10-01 11:28:38] [SUCCESS]: Slot #026 -> Método: [POST  ] | Path: [/music/edit]
[2026-10-01 11:28:38] [SUCCESS]: Slot #027 -> Método: [POST  ] | Path: [/music/get]
[2026-10-01 11:28:38] [SUCCESS]: Slot #028 -> Método: [POST  ] | Path: [/music/art]
[2026-10-01 11:28:38] [SUCCESS]: Slot #029 -> Método: [POST  ] | Path: [/player/tracks]
[2026-10-01 11:28:38] [SUCCESS]: Slot #030 -> Método: [POST  ] | Path: [/player/stream]
[2026-10-01 11:28:38] [SUCCESS]: Slot #031 -> Método: [POST  ] | Path: [/download/album]
[2026-10-01 11:28:38] [SUCCESS]: Slot #032 -> Método: [POST  ] | Path: [/billboard/hit]
[2026-10-01 11:28:38] [SUCCESS]: Slot #033 -> Método: [GET   ] | Path: [/billboard/top]
[2026-10-01 11:28:38] [SUCCESS]: Slot #034 -> Método: [POST  ] | Path: [/billboard/recommend]
[2026-10-01 11:28:38] [SUCCESS]: Slot #035 -> Método: [POST  ] | Path: [/analytics/listen]
[2026-10-01 11:28:38] [SUCCESS]: Slot #036 -> Método: [POST  ] | Path: [/analytics/recommendations]
[2026-10-01 11:28:38] [SUCCESS]: Slot #037 -> Método: [POST  ] | Path: [/session/set-context]
[2026-10-01 11:28:38] [SUCCESS]: Slot #038 -> Método: [POST  ] | Path: [/session/logout]
[2026-10-01 11:28:38] [INFO]: === TOTAL DE RUTAS MAPEADAS EN MEMORIA: [38/500] ===
[2026-10-01 11:35:14] [INFO]: Iniciando secuencia de vinculación de módulos...
[2026-10-01 11:35:14] [INFO]: === INICIANDO DETALLE DE MAPEO DE ENTRADAS (ROUTER) ===
[2026-10-01 11:35:14] [SUCCESS]: Slot #001 -> Método: [POST  ] | Path: [/session/set-context]
[2026-10-01 11:35:14] [SUCCESS]: Slot #002 -> Método: [POST  ] | Path: [/session/logout]
[2026-10-01 11:35:14] [SUCCESS]: Slot #003 -> Método: [GET   ] | Path: [/]
[2026-10-01 11:35:14] [SUCCESS]: Slot #004 -> Método: [GET   ] | Path: [/password]
[2026-10-01 11:35:14] [SUCCESS]: Slot #005 -> Método: [POST  ] | Path: [/password]
[2026-10-01 11:35:14] [SUCCESS]: Slot #006 -> Método: [GET   ] | Path: [/users]
[2026-10-01 11:35:14] [SUCCESS]: Slot #007 -> Método: [GET   ] | Path: [/users/register]
[2026-10-01 11:35:14] [SUCCESS]: Slot #008 -> Método: [POST  ] | Path: [/users/register]
[2026-10-01 11:35:14] [SUCCESS]: Slot #009 -> Método: [GET   ] | Path: [/login]
[2026-10-01 11:35:14] [SUCCESS]: Slot #010 -> Método: [POST  ] | Path: [/users/get-user]
[2026-10-01 11:35:14] [SUCCESS]: Slot #011 -> Método: [POST  ] | Path: [/login]
[2026-10-01 11:35:14] [SUCCESS]: Slot #012 -> Método: [GET   ] | Path: [/users/list]
[2026-10-01 11:35:14] [SUCCESS]: Slot #013 -> Método: [POST  ] | Path: [/users/get-role]
[2026-10-01 11:35:14] [SUCCESS]: Slot #014 -> Método: [POST  ] | Path: [/users/update-role]
[2026-10-01 11:35:14] [SUCCESS]: Slot #015 -> Método: [POST  ] | Path: [/users/get-id]
[2026-10-01 11:35:14] [SUCCESS]: Slot #016 -> Método: [GET   ] | Path: [/roles/list]
[2026-10-01 11:35:14] [SUCCESS]: Slot #017 -> Método: [POST  ] | Path: [/roles/add]
[2026-10-01 11:35:14] [SUCCESS]: Slot #018 -> Método: [POST  ] | Path: [/roles/edit]
[2026-10-01 11:35:14] [SUCCESS]: Slot #019 -> Método: [POST  ] | Path: [/roles/get]
[2026-10-01 11:35:14] [SUCCESS]: Slot #020 -> Método: [GET   ] | Path: [/genres/list]
[2026-10-01 11:35:14] [SUCCESS]: Slot #021 -> Método: [POST  ] | Path: [/genres/add]
[2026-10-01 11:35:14] [SUCCESS]: Slot #022 -> Método: [POST  ] | Path: [/genres/edit]
[2026-10-01 11:35:14] [SUCCESS]: Slot #023 -> Método: [POST  ] | Path: [/genres/get]
[2026-10-01 11:35:14] [SUCCESS]: Slot #024 -> Método: [GET   ] | Path: [/music/list]
[2026-10-01 11:35:14] [SUCCESS]: Slot #025 -> Método: [POST  ] | Path: [/music/add]
[2026-10-01 11:35:14] [SUCCESS]: Slot #026 -> Método: [POST  ] | Path: [/music/edit]
[2026-10-01 11:35:14] [SUCCESS]: Slot #027 -> Método: [POST  ] | Path: [/music/get]
[2026-10-01 11:35:14] [SUCCESS]: Slot #028 -> Método: [POST  ] | Path: [/music/art]
[2026-10-01 11:35:14] [SUCCESS]: Slot #029 -> Método: [POST  ] | Path: [/player/tracks]
[2026-10-01 11:35:14] [SUCCESS]: Slot #030 -> Método: [POST  ] | Path: [/player/stream]
[2026-10-01 11:35:14] [SUCCESS]: Slot #031 -> Método: [POST  ] | Path: [/download/album]
[2026-10-01 11:35:14] [SUCCESS]: Slot #032 -> Método: [POST  ] | Path: [/billboard/hit]
[2026-10-01 11:35:14] [SUCCESS]: Slot #033 -> Método: [GET   ] | Path: [/billboard/top]
[2026-10-01 11:35:14] [SUCCESS]: Slot #034 -> Método: [POST  ] | Path: [/billboard/recommend]
[2026-10-01 11:35:14] [SUCCESS]: Slot #035 -> Método: [POST  ] | Path: [/analytics/listen]
[2026-10-01 11:35:14] [SUCCESS]: Slot #036 -> Método: [POST  ] | Path: [/analytics/recommendations]
[2026-10-01 11:35:14] [SUCCESS]: Slot #037 -> Método: [POST  ] | Path: [/session/set-context]
[2026-10-01 11:35:14] [SUCCESS]: Slot #038 -> Método: [POST  ] | Path: [/session/logout]
[2026-10-01 11:35:14] [INFO]: === TOTAL DE RUTAS MAPEADAS EN MEMORIA: [38/500] ===
[2026-10-01 12:03:01] [INFO]: Iniciando secuencia de vinculación de módulos...
[2026-10-01 12:03:01] [INFO]: === INICIANDO DETALLE DE MAPEO DE ENTRADAS (ROUTER) ===
[2026-10-01 12:03:01] [SUCCESS]: Slot #001 -> Método: [POST  ] | Path: [/session/set-context]
[2026-10-01 12:03:01] [SUCCESS]: Slot #002 -> Método: [POST  ] | Path: [/session/logout]
[2026-10-01 12:03:01] [SUCCESS]: Slot #003 -> Método: [GET   ] | Path: [/]
[2026-10-01 12:03:01] [SUCCESS]: Slot #004 -> Método: [GET   ] | Path: [/password]
[2026-10-01 12:03:01] [SUCCESS]: Slot #005 -> Método: [POST  ] | Path: [/password]
[2026-10-01 12:03:01] [SUCCESS]: Slot #006 -> Método: [GET   ] | Path: [/users]
[2026-10-01 12:03:01] [SUCCESS]: Slot #007 -> Método: [GET   ] | Path: [/users/register]
[2026-10-01 12:03:01] [SUCCESS]: Slot #008 -> Método: [POST  ] | Path: [/users/register]
[2026-10-01 12:03:01] [SUCCESS]: Slot #009 -> Método: [GET   ] | Path: [/login]
[2026-10-01 12:03:01] [SUCCESS]: Slot #010 -> Método: [POST  ] | Path: [/users/get-user]
[2026-10-01 12:03:01] [SUCCESS]: Slot #011 -> Método: [POST  ] | Path: [/login]
[2026-10-01 12:03:01] [SUCCESS]: Slot #012 -> Método: [GET   ] | Path: [/users/list]
[2026-10-01 12:03:01] [SUCCESS]: Slot #013 -> Método: [POST  ] | Path: [/users/get-role]
[2026-10-01 12:03:01] [SUCCESS]: Slot #014 -> Método: [POST  ] | Path: [/users/update-role]
[2026-10-01 12:03:01] [SUCCESS]: Slot #015 -> Método: [POST  ] | Path: [/users/get-id]
[2026-10-01 12:03:01] [SUCCESS]: Slot #016 -> Método: [GET   ] | Path: [/roles/list]
[2026-10-01 12:03:01] [SUCCESS]: Slot #017 -> Método: [POST  ] | Path: [/roles/add]
[2026-10-01 12:03:01] [SUCCESS]: Slot #018 -> Método: [POST  ] | Path: [/roles/edit]
[2026-10-01 12:03:01] [SUCCESS]: Slot #019 -> Método: [POST  ] | Path: [/roles/get]
[2026-10-01 12:03:01] [SUCCESS]: Slot #020 -> Método: [GET   ] | Path: [/genres/list]
[2026-10-01 12:03:01] [SUCCESS]: Slot #021 -> Método: [POST  ] | Path: [/genres/add]
[2026-10-01 12:03:01] [SUCCESS]: Slot #022 -> Método: [POST  ] | Path: [/genres/edit]
[2026-10-01 12:03:01] [SUCCESS]: Slot #023 -> Método: [POST  ] | Path: [/genres/get]
[2026-10-01 12:03:01] [SUCCESS]: Slot #024 -> Método: [GET   ] | Path: [/music/list]
[2026-10-01 12:03:01] [SUCCESS]: Slot #025 -> Método: [POST  ] | Path: [/music/add]
[2026-10-01 12:03:01] [SUCCESS]: Slot #026 -> Método: [POST  ] | Path: [/music/edit]
[2026-10-01 12:03:01] [SUCCESS]: Slot #027 -> Método: [POST  ] | Path: [/music/get]
[2026-10-01 12:03:01] [SUCCESS]: Slot #028 -> Método: [POST  ] | Path: [/music/art]
[2026-10-01 12:03:01] [SUCCESS]: Slot #029 -> Método: [POST  ] | Path: [/player/tracks]
[2026-10-01 12:03:01] [SUCCESS]: Slot #030 -> Método: [POST  ] | Path: [/player/stream]
[2026-10-01 12:03:01] [SUCCESS]: Slot #031 -> Método: [POST  ] | Path: [/download/album]
[2026-10-01 12:03:01] [SUCCESS]: Slot #032 -> Método: [POST  ] | Path: [/billboard/hit]
[2026-10-01 12:03:01] [SUCCESS]: Slot #033 -> Método: [GET   ] | Path: [/billboard/top]
[2026-10-01 12:03:01] [SUCCESS]: Slot #034 -> Método: [POST  ] | Path: [/billboard/recommend]
[2026-10-01 12:03:01] [SUCCESS]: Slot #035 -> Método: [POST  ] | Path: [/analytics/listen]
[2026-10-01 12:03:01] [SUCCESS]: Slot #036 -> Método: [POST  ] | Path: [/analytics/recommendations]
[2026-10-01 12:03:01] [SUCCESS]: Slot #037 -> Método: [POST  ] | Path: [/session/set-context]
[2026-10-01 12:03:01] [SUCCESS]: Slot #038 -> Método: [POST  ] | Path: [/session/logout]
[2026-10-01 12:03:01] [INFO]: === TOTAL DE RUTAS MAPEADAS EN MEMORIA: [38/500] ===
[2026-10-01 12:03:20] [INFO]: Iniciando secuencia de vinculación de módulos...
[2026-10-01 12:03:20] [INFO]: === INICIANDO DETALLE DE MAPEO DE ENTRADAS (ROUTER) ===
[2026-10-01 12:03:20] [SUCCESS]: Slot #001 -> Método: [POST  ] | Path: [/session/set-context]
[2026-10-01 12:03:20] [SUCCESS]: Slot #002 -> Método: [POST  ] | Path: [/session/logout]
[2026-10-01 12:03:20] [SUCCESS]: Slot #003 -> Método: [GET   ] | Path: [/]
[2026-10-01 12:03:20] [SUCCESS]: Slot #004 -> Método: [GET   ] | Path: [/password]
[2026-10-01 12:03:20] [SUCCESS]: Slot #005 -> Método: [POST  ] | Path: [/password]
[2026-10-01 12:03:20] [SUCCESS]: Slot #006 -> Método: [GET   ] | Path: [/users]
[2026-10-01 12:03:20] [SUCCESS]: Slot #007 -> Método: [GET   ] | Path: [/users/register]
[2026-10-01 12:03:20] [SUCCESS]: Slot #008 -> Método: [POST  ] | Path: [/users/register]
[2026-10-01 12:03:20] [SUCCESS]: Slot #009 -> Método: [GET   ] | Path: [/login]
[2026-10-01 12:03:20] [SUCCESS]: Slot #010 -> Método: [POST  ] | Path: [/users/get-user]
[2026-10-01 12:03:20] [SUCCESS]: Slot #011 -> Método: [POST  ] | Path: [/login]
[2026-10-01 12:03:20] [SUCCESS]: Slot #012 -> Método: [GET   ] | Path: [/users/list]
[2026-10-01 12:03:20] [SUCCESS]: Slot #013 -> Método: [POST  ] | Path: [/users/get-role]
[2026-10-01 12:03:20] [SUCCESS]: Slot #014 -> Método: [POST  ] | Path: [/users/update-role]
[2026-10-01 12:03:20] [SUCCESS]: Slot #015 -> Método: [POST  ] | Path: [/users/get-id]
[2026-10-01 12:03:20] [SUCCESS]: Slot #016 -> Método: [GET   ] | Path: [/roles/list]
[2026-10-01 12:03:20] [SUCCESS]: Slot #017 -> Método: [POST  ] | Path: [/roles/add]
[2026-10-01 12:03:20] [SUCCESS]: Slot #018 -> Método: [POST  ] | Path: [/roles/edit]
[2026-10-01 12:03:20] [SUCCESS]: Slot #019 -> Método: [POST  ] | Path: [/roles/get]
[2026-10-01 12:03:20] [SUCCESS]: Slot #020 -> Método: [GET   ] | Path: [/genres/list]
[2026-10-01 12:03:20] [SUCCESS]: Slot #021 -> Método: [POST  ] | Path: [/genres/add]
[2026-10-01 12:03:20] [SUCCESS]: Slot #022 -> Método: [POST  ] | Path: [/genres/edit]
[2026-10-01 12:03:20] [SUCCESS]: Slot #023 -> Método: [POST  ] | Path: [/genres/get]
[2026-10-01 12:03:20] [SUCCESS]: Slot #024 -> Método: [GET   ] | Path: [/music/list]
[2026-10-01 12:03:20] [SUCCESS]: Slot #025 -> Método: [POST  ] | Path: [/music/add]
[2026-10-01 12:03:20] [SUCCESS]: Slot #026 -> Método: [POST  ] | Path: [/music/edit]
[2026-10-01 12:03:20] [SUCCESS]: Slot #027 -> Método: [POST  ] | Path: [/music/get]
[2026-10-01 12:03:20] [SUCCESS]: Slot #028 -> Método: [POST  ] | Path: [/music/art]
[2026-10-01 12:03:20] [SUCCESS]: Slot #029 -> Método: [POST  ] | Path: [/player/tracks]
[2026-10-01 12:03:20] [SUCCESS]: Slot #030 -> Método: [POST  ] | Path: [/player/stream]
[2026-10-01 12:03:20] [SUCCESS]: Slot #031 -> Método: [POST  ] | Path: [/download/album]
[2026-10-01 12:03:20] [SUCCESS]: Slot #032 -> Método: [POST  ] | Path: [/billboard/hit]
[2026-10-01 12:03:20] [SUCCESS]: Slot #033 -> Método: [GET   ] | Path: [/billboard/top]
[2026-10-01 12:03:20] [SUCCESS]: Slot #034 -> Método: [POST  ] | Path: [/billboard/recommend]
[2026-10-01 12:03:20] [SUCCESS]: Slot #035 -> Método: [POST  ] | Path: [/analytics/listen]
[2026-10-01 12:03:20] [SUCCESS]: Slot #036 -> Método: [POST  ] | Path: [/analytics/recommendations]
[2026-10-01 12:03:20] [SUCCESS]: Slot #037 -> Método: [POST  ] | Path: [/session/set-context]
[2026-10-01 12:03:20] [SUCCESS]: Slot #038 -> Método: [POST  ] | Path: [/session/logout]
[2026-10-01 12:03:20] [INFO]: === TOTAL DE RUTAS MAPEADAS EN MEMORIA: [38/500] ===
[2026-10-01 12:04:16] [INFO]: Iniciando secuencia de vinculación de módulos...
[2026-10-01 12:04:16] [INFO]: === INICIANDO DETALLE DE MAPEO DE ENTRADAS (ROUTER) ===
[2026-10-01 12:04:16] [SUCCESS]: Slot #001 -> Método: [POST  ] | Path: [/session/set-context]
[2026-10-01 12:04:16] [SUCCESS]: Slot #002 -> Método: [POST  ] | Path: [/session/logout]
[2026-10-01 12:04:16] [SUCCESS]: Slot #003 -> Método: [GET   ] | Path: [/]
[2026-10-01 12:04:16] [SUCCESS]: Slot #004 -> Método: [GET   ] | Path: [/password]
[2026-10-01 12:04:16] [SUCCESS]: Slot #005 -> Método: [POST  ] | Path: [/password]
[2026-10-01 12:04:16] [SUCCESS]: Slot #006 -> Método: [GET   ] | Path: [/users]
[2026-10-01 12:04:16] [SUCCESS]: Slot #007 -> Método: [GET   ] | Path: [/users/register]
[2026-10-01 12:04:16] [SUCCESS]: Slot #008 -> Método: [POST  ] | Path: [/users/register]
[2026-10-01 12:04:16] [SUCCESS]: Slot #009 -> Método: [GET   ] | Path: [/login]
[2026-10-01 12:04:16] [SUCCESS]: Slot #010 -> Método: [POST  ] | Path: [/users/get-user]
[2026-10-01 12:04:16] [SUCCESS]: Slot #011 -> Método: [POST  ] | Path: [/login]
[2026-10-01 12:04:16] [SUCCESS]: Slot #012 -> Método: [GET   ] | Path: [/users/list]
[2026-10-01 12:04:16] [SUCCESS]: Slot #013 -> Método: [POST  ] | Path: [/users/get-role]
[2026-10-01 12:04:16] [SUCCESS]: Slot #014 -> Método: [POST  ] | Path: [/users/update-role]
[2026-10-01 12:04:16] [SUCCESS]: Slot #015 -> Método: [POST  ] | Path: [/users/get-id]
[2026-10-01 12:04:16] [SUCCESS]: Slot #016 -> Método: [GET   ] | Path: [/roles/list]
[2026-10-01 12:04:16] [SUCCESS]: Slot #017 -> Método: [POST  ] | Path: [/roles/add]
[2026-10-01 12:04:16] [SUCCESS]: Slot #018 -> Método: [POST  ] | Path: [/roles/edit]
[2026-10-01 12:04:16] [SUCCESS]: Slot #019 -> Método: [POST  ] | Path: [/roles/get]
[2026-10-01 12:04:16] [SUCCESS]: Slot #020 -> Método: [GET   ] | Path: [/genres/list]
[2026-10-01 12:04:16] [SUCCESS]: Slot #021 -> Método: [POST  ] | Path: [/genres/add]
[2026-10-01 12:04:16] [SUCCESS]: Slot #022 -> Método: [POST  ] | Path: [/genres/edit]
[2026-10-01 12:04:16] [SUCCESS]: Slot #023 -> Método: [POST  ] | Path: [/genres/get]
[2026-10-01 12:04:16] [SUCCESS]: Slot #024 -> Método: [GET   ] | Path: [/music/list]
[2026-10-01 12:04:16] [SUCCESS]: Slot #025 -> Método: [POST  ] | Path: [/music/add]
[2026-10-01 12:04:16] [SUCCESS]: Slot #026 -> Método: [POST  ] | Path: [/music/edit]
[2026-10-01 12:04:16] [SUCCESS]: Slot #027 -> Método: [POST  ] | Path: [/music/get]
[2026-10-01 12:04:16] [SUCCESS]: Slot #028 -> Método: [POST  ] | Path: [/music/art]
[2026-10-01 12:04:16] [SUCCESS]: Slot #029 -> Método: [POST  ] | Path: [/player/tracks]
[2026-10-01 12:04:16] [SUCCESS]: Slot #030 -> Método: [POST  ] | Path: [/player/stream]
[2026-10-01 12:04:16] [SUCCESS]: Slot #031 -> Método: [POST  ] | Path: [/download/album]
[2026-10-01 12:04:16] [SUCCESS]: Slot #032 -> Método: [POST  ] | Path: [/billboard/hit]
[2026-10-01 12:04:16] [SUCCESS]: Slot #033 -> Método: [GET   ] | Path: [/billboard/top]
[2026-10-01 12:04:16] [SUCCESS]: Slot #034 -> Método: [POST  ] | Path: [/billboard/recommend]
[2026-10-01 12:04:16] [SUCCESS]: Slot #035 -> Método: [POST  ] | Path: [/analytics/listen]
[2026-10-01 12:04:16] [SUCCESS]: Slot #036 -> Método: [POST  ] | Path: [/analytics/recommendations]
[2026-10-01 12:04:16] [SUCCESS]: Slot #037 -> Método: [POST  ] | Path: [/session/set-context]
[2026-10-01 12:04:16] [SUCCESS]: Slot #038 -> Método: [POST  ] | Path: [/session/logout]
[2026-10-01 12:04:16] [INFO]: === TOTAL DE RUTAS MAPEADAS EN MEMORIA: [38/500] ===
[2026-10-01 12:06:43] [INFO]: Iniciando secuencia de vinculación de módulos...
[2026-10-01 12:06:43] [INFO]: === INICIANDO DETALLE DE MAPEO DE ENTRADAS (ROUTER) ===
[2026-10-01 12:06:43] [SUCCESS]: Slot #001 -> Método: [POST  ] | Path: [/session/set-context]
[2026-10-01 12:06:43] [SUCCESS]: Slot #002 -> Método: [POST  ] | Path: [/session/logout]
[2026-10-01 12:06:43] [SUCCESS]: Slot #003 -> Método: [GET   ] | Path: [/]
[2026-10-01 12:06:43] [SUCCESS]: Slot #004 -> Método: [GET   ] | Path: [/password]
[2026-10-01 12:06:43] [SUCCESS]: Slot #005 -> Método: [POST  ] | Path: [/password]
[2026-10-01 12:06:43] [SUCCESS]: Slot #006 -> Método: [GET   ] | Path: [/users]
[2026-10-01 12:06:43] [SUCCESS]: Slot #007 -> Método: [GET   ] | Path: [/users/register]
[2026-10-01 12:06:43] [SUCCESS]: Slot #008 -> Método: [POST  ] | Path: [/users/register]
[2026-10-01 12:06:43] [SUCCESS]: Slot #009 -> Método: [GET   ] | Path: [/login]
[2026-10-01 12:06:43] [SUCCESS]: Slot #010 -> Método: [POST  ] | Path: [/users/get-user]
[2026-10-01 12:06:43] [SUCCESS]: Slot #011 -> Método: [POST  ] | Path: [/login]
[2026-10-01 12:06:43] [SUCCESS]: Slot #012 -> Método: [GET   ] | Path: [/users/list]
[2026-10-01 12:06:43] [SUCCESS]: Slot #013 -> Método: [POST  ] | Path: [/users/get-role]
[2026-10-01 12:06:43] [SUCCESS]: Slot #014 -> Método: [POST  ] | Path: [/users/update-role]
[2026-10-01 12:06:43] [SUCCESS]: Slot #015 -> Método: [POST  ] | Path: [/users/get-id]
[2026-10-01 12:06:43] [SUCCESS]: Slot #016 -> Método: [GET   ] | Path: [/roles/list]
[2026-10-01 12:06:43] [SUCCESS]: Slot #017 -> Método: [POST  ] | Path: [/roles/add]
[2026-10-01 12:06:43] [SUCCESS]: Slot #018 -> Método: [POST  ] | Path: [/roles/edit]
[2026-10-01 12:06:43] [SUCCESS]: Slot #019 -> Método: [POST  ] | Path: [/roles/get]
[2026-10-01 12:06:43] [SUCCESS]: Slot #020 -> Método: [GET   ] | Path: [/genres/list]
[2026-10-01 12:06:43] [SUCCESS]: Slot #021 -> Método: [POST  ] | Path: [/genres/add]
[2026-10-01 12:06:43] [SUCCESS]: Slot #022 -> Método: [POST  ] | Path: [/genres/edit]
[2026-10-01 12:06:43] [SUCCESS]: Slot #023 -> Método: [POST  ] | Path: [/genres/get]
[2026-10-01 12:06:43] [SUCCESS]: Slot #024 -> Método: [GET   ] | Path: [/music/list]
[2026-10-01 12:06:43] [SUCCESS]: Slot #025 -> Método: [POST  ] | Path: [/music/add]
[2026-10-01 12:06:43] [SUCCESS]: Slot #026 -> Método: [POST  ] | Path: [/music/edit]
[2026-10-01 12:06:43] [SUCCESS]: Slot #027 -> Método: [POST  ] | Path: [/music/get]
[2026-10-01 12:06:43] [SUCCESS]: Slot #028 -> Método: [POST  ] | Path: [/music/art]
[2026-10-01 12:06:43] [SUCCESS]: Slot #029 -> Método: [POST  ] | Path: [/player/tracks]
[2026-10-01 12:06:43] [SUCCESS]: Slot #030 -> Método: [POST  ] | Path: [/player/stream]
[2026-10-01 12:06:43] [SUCCESS]: Slot #031 -> Método: [POST  ] | Path: [/download/album]
[2026-10-01 12:06:43] [SUCCESS]: Slot #032 -> Método: [POST  ] | Path: [/billboard/hit]
[2026-10-01 12:06:43] [SUCCESS]: Slot #033 -> Método: [GET   ] | Path: [/billboard/top]
[2026-10-01 12:06:43] [SUCCESS]: Slot #034 -> Método: [POST  ] | Path: [/billboard/recommend]
[2026-10-01 12:06:43] [SUCCESS]: Slot #035 -> Método: [POST  ] | Path: [/analytics/listen]
[2026-10-01 12:06:43] [SUCCESS]: Slot #036 -> Método: [POST  ] | Path: [/analytics/recommendations]
[2026-10-01 12:06:43] [SUCCESS]: Slot #037 -> Método: [POST  ] | Path: [/session/set-context]
[2026-10-01 12:06:43] [SUCCESS]: Slot #038 -> Método: [POST  ] | Path: [/session/logout]
[2026-10-01 12:06:43] [INFO]: === TOTAL DE RUTAS MAPEADAS EN MEMORIA: [38/500] ===
[2026-10-01 12:07:09] [INFO]: Iniciando secuencia de vinculación de módulos...
[2026-10-01 12:07:09] [INFO]: === INICIANDO DETALLE DE MAPEO DE ENTRADAS (ROUTER) ===
[2026-10-01 12:07:09] [SUCCESS]: Slot #001 -> Método: [POST  ] | Path: [/session/set-context]
[2026-10-01 12:07:09] [SUCCESS]: Slot #002 -> Método: [POST  ] | Path: [/session/logout]
[2026-10-01 12:07:09] [SUCCESS]: Slot #003 -> Método: [GET   ] | Path: [/]
[2026-10-01 12:07:09] [SUCCESS]: Slot #004 -> Método: [GET   ] | Path: [/password]
[2026-10-01 12:07:09] [SUCCESS]: Slot #005 -> Método: [POST  ] | Path: [/password]
[2026-10-01 12:07:09] [SUCCESS]: Slot #006 -> Método: [GET   ] | Path: [/users]
[2026-10-01 12:07:09] [SUCCESS]: Slot #007 -> Método: [GET   ] | Path: [/users/register]
[2026-10-01 12:07:09] [SUCCESS]: Slot #008 -> Método: [POST  ] | Path: [/users/register]
[2026-10-01 12:07:09] [SUCCESS]: Slot #009 -> Método: [GET   ] | Path: [/login]
[2026-10-01 12:07:09] [SUCCESS]: Slot #010 -> Método: [POST  ] | Path: [/users/get-user]
[2026-10-01 12:07:09] [SUCCESS]: Slot #011 -> Método: [POST  ] | Path: [/login]
[2026-10-01 12:07:09] [SUCCESS]: Slot #012 -> Método: [GET   ] | Path: [/users/list]
[2026-10-01 12:07:09] [SUCCESS]: Slot #013 -> Método: [POST  ] | Path: [/users/get-role]
[2026-10-01 12:07:09] [SUCCESS]: Slot #014 -> Método: [POST  ] | Path: [/users/update-role]
[2026-10-01 12:07:09] [SUCCESS]: Slot #015 -> Método: [POST  ] | Path: [/users/get-id]
[2026-10-01 12:07:09] [SUCCESS]: Slot #016 -> Método: [GET   ] | Path: [/roles/list]
[2026-10-01 12:07:09] [SUCCESS]: Slot #017 -> Método: [POST  ] | Path: [/roles/add]
[2026-10-01 12:07:09] [SUCCESS]: Slot #018 -> Método: [POST  ] | Path: [/roles/edit]
[2026-10-01 12:07:09] [SUCCESS]: Slot #019 -> Método: [POST  ] | Path: [/roles/get]
[2026-10-01 12:07:09] [SUCCESS]: Slot #020 -> Método: [GET   ] | Path: [/genres/list]
[2026-10-01 12:07:09] [SUCCESS]: Slot #021 -> Método: [POST  ] | Path: [/genres/add]
[2026-10-01 12:07:09] [SUCCESS]: Slot #022 -> Método: [POST  ] | Path: [/genres/edit]
[2026-10-01 12:07:09] [SUCCESS]: Slot #023 -> Método: [POST  ] | Path: [/genres/get]
[2026-10-01 12:07:09] [SUCCESS]: Slot #024 -> Método: [GET   ] | Path: [/music/list]
[2026-10-01 12:07:09] [SUCCESS]: Slot #025 -> Método: [POST  ] | Path: [/music/add]
[2026-10-01 12:07:09] [SUCCESS]: Slot #026 -> Método: [POST  ] | Path: [/music/edit]
[2026-10-01 12:07:09] [SUCCESS]: Slot #027 -> Método: [POST  ] | Path: [/music/get]
[2026-10-01 12:07:09] [SUCCESS]: Slot #028 -> Método: [POST  ] | Path: [/music/art]
[2026-10-01 12:07:09] [SUCCESS]: Slot #029 -> Método: [POST  ] | Path: [/player/tracks]
[2026-10-01 12:07:09] [SUCCESS]: Slot #030 -> Método: [POST  ] | Path: [/player/stream]
[2026-10-01 12:07:09] [SUCCESS]: Slot #031 -> Método: [POST  ] | Path: [/download/album]
[2026-10-01 12:07:09] [SUCCESS]: Slot #032 -> Método: [POST  ] | Path: [/billboard/hit]
[2026-10-01 12:07:09] [SUCCESS]: Slot #033 -> Método: [GET   ] | Path: [/billboard/top]
[2026-10-01 12:07:09] [SUCCESS]: Slot #034 -> Método: [POST  ] | Path: [/billboard/recommend]
[2026-10-01 12:07:09] [SUCCESS]: Slot #035 -> Método: [POST  ] | Path: [/analytics/listen]
[2026-10-01 12:07:09] [SUCCESS]: Slot #036 -> Método: [POST  ] | Path: [/analytics/recommendations]
[2026-10-01 12:07:09] [SUCCESS]: Slot #037 -> Método: [POST  ] | Path: [/session/set-context]
[2026-10-01 12:07:09] [SUCCESS]: Slot #038 -> Método: [POST  ] | Path: [/session/logout]
[2026-10-01 12:07:09] [INFO]: === TOTAL DE RUTAS MAPEADAS EN MEMORIA: [38/500] ===
[2026-10-01 12:52:00] [INFO]: Iniciando secuencia de vinculación de módulos...
[2026-10-01 12:52:00] [INFO]: === INICIANDO DETALLE DE MAPEO DE ENTRADAS (ROUTER) ===
[2026-10-01 12:52:00] [SUCCESS]: Slot #001 -> Método: [POST  ] | Path: [/session/set-context]
[2026-10-01 12:52:00] [SUCCESS]: Slot #002 -> Método: [POST  ] | Path: [/session/logout]
[2026-10-01 12:52:00] [SUCCESS]: Slot #003 -> Método: [GET   ] | Path: [/]
[2026-10-01 12:52:00] [SUCCESS]: Slot #004 -> Método: [GET   ] | Path: [/password]
[2026-10-01 12:52:00] [SUCCESS]: Slot #005 -> Método: [POST  ] | Path: [/password]
[2026-10-01 12:52:00] [SUCCESS]: Slot #006 -> Método: [GET   ] | Path: [/users]
[2026-10-01 12:52:00] [SUCCESS]: Slot #007 -> Método: [GET   ] | Path: [/users/register]
[2026-10-01 12:52:00] [SUCCESS]: Slot #008 -> Método: [POST  ] | Path: [/users/register]
[2026-10-01 12:52:00] [SUCCESS]: Slot #009 -> Método: [GET   ] | Path: [/login]
[2026-10-01 12:52:00] [SUCCESS]: Slot #010 -> Método: [POST  ] | Path: [/users/get-user]
[2026-10-01 12:52:00] [SUCCESS]: Slot #011 -> Método: [POST  ] | Path: [/login]
[2026-10-01 12:52:00] [SUCCESS]: Slot #012 -> Método: [GET   ] | Path: [/users/list]
[2026-10-01 12:52:00] [SUCCESS]: Slot #013 -> Método: [POST  ] | Path: [/users/get-role]
[2026-10-01 12:52:00] [SUCCESS]: Slot #014 -> Método: [POST  ] | Path: [/users/update-role]
[2026-10-01 12:52:00] [SUCCESS]: Slot #015 -> Método: [POST  ] | Path: [/users/get-id]
[2026-10-01 12:52:00] [SUCCESS]: Slot #016 -> Método: [GET   ] | Path: [/roles/list]
[2026-10-01 12:52:00] [SUCCESS]: Slot #017 -> Método: [POST  ] | Path: [/roles/add]
[2026-10-01 12:52:00] [SUCCESS]: Slot #018 -> Método: [POST  ] | Path: [/roles/edit]
[2026-10-01 12:52:00] [SUCCESS]: Slot #019 -> Método: [POST  ] | Path: [/roles/get]
[2026-10-01 12:52:00] [SUCCESS]: Slot #020 -> Método: [GET   ] | Path: [/genres/list]
[2026-10-01 12:52:00] [SUCCESS]: Slot #021 -> Método: [POST  ] | Path: [/genres/add]
[2026-10-01 12:52:00] [SUCCESS]: Slot #022 -> Método: [POST  ] | Path: [/genres/edit]
[2026-10-01 12:52:00] [SUCCESS]: Slot #023 -> Método: [POST  ] | Path: [/genres/get]
[2026-10-01 12:52:00] [SUCCESS]: Slot #024 -> Método: [GET   ] | Path: [/music/list]
[2026-10-01 12:52:00] [SUCCESS]: Slot #025 -> Método: [POST  ] | Path: [/music/add]
[2026-10-01 12:52:00] [SUCCESS]: Slot #026 -> Método: [POST  ] | Path: [/music/edit]
[2026-10-01 12:52:00] [SUCCESS]: Slot #027 -> Método: [POST  ] | Path: [/music/get]
[2026-10-01 12:52:00] [SUCCESS]: Slot #028 -> Método: [POST  ] | Path: [/music/art]
[2026-10-01 12:52:00] [SUCCESS]: Slot #029 -> Método: [POST  ] | Path: [/player/tracks]
[2026-10-01 12:52:00] [SUCCESS]: Slot #030 -> Método: [POST  ] | Path: [/player/stream]
[2026-10-01 12:52:00] [SUCCESS]: Slot #031 -> Método: [POST  ] | Path: [/download/album]
[2026-10-01 12:52:00] [SUCCESS]: Slot #032 -> Método: [POST  ] | Path: [/billboard/hit]
[2026-10-01 12:52:00] [SUCCESS]: Slot #033 -> Método: [GET   ] | Path: [/billboard/top]
[2026-10-01 12:52:00] [SUCCESS]: Slot #034 -> Método: [POST  ] | Path: [/billboard/recommend]
[2026-10-01 12:52:00] [SUCCESS]: Slot #035 -> Método: [POST  ] | Path: [/analytics/listen]
[2026-10-01 12:52:00] [SUCCESS]: Slot #036 -> Método: [POST  ] | Path: [/analytics/recommendations]
[2026-10-01 12:52:00] [SUCCESS]: Slot #037 -> Método: [GET   ] | Path: [/news/summary]
[2026-10-01 12:52:00] [SUCCESS]: Slot #038 -> Método: [POST  ] | Path: [/session/set-context]
[2026-10-01 12:52:00] [SUCCESS]: Slot #039 -> Método: [POST  ] | Path: [/session/logout]
[2026-10-01 12:52:00] [INFO]: === TOTAL DE RUTAS MAPEADAS EN MEMORIA: [39/500] ===
[2026-10-01 12:55:20] [INFO]: Iniciando secuencia de vinculación de módulos...
[2026-10-01 12:55:20] [INFO]: === INICIANDO DETALLE DE MAPEO DE ENTRADAS (ROUTER) ===
[2026-10-01 12:55:20] [SUCCESS]: Slot #001 -> Método: [POST  ] | Path: [/session/set-context]
[2026-10-01 12:55:20] [SUCCESS]: Slot #002 -> Método: [POST  ] | Path: [/session/logout]
[2026-10-01 12:55:20] [SUCCESS]: Slot #003 -> Método: [GET   ] | Path: [/]
[2026-10-01 12:55:20] [SUCCESS]: Slot #004 -> Método: [GET   ] | Path: [/password]
[2026-10-01 12:55:20] [SUCCESS]: Slot #005 -> Método: [POST  ] | Path: [/password]
[2026-10-01 12:55:20] [SUCCESS]: Slot #006 -> Método: [GET   ] | Path: [/users]
[2026-10-01 12:55:20] [SUCCESS]: Slot #007 -> Método: [GET   ] | Path: [/users/register]
[2026-10-01 12:55:20] [SUCCESS]: Slot #008 -> Método: [POST  ] | Path: [/users/register]
[2026-10-01 12:55:20] [SUCCESS]: Slot #009 -> Método: [GET   ] | Path: [/login]
[2026-10-01 12:55:20] [SUCCESS]: Slot #010 -> Método: [POST  ] | Path: [/users/get-user]
[2026-10-01 12:55:20] [SUCCESS]: Slot #011 -> Método: [POST  ] | Path: [/login]
[2026-10-01 12:55:20] [SUCCESS]: Slot #012 -> Método: [GET   ] | Path: [/users/list]
[2026-10-01 12:55:20] [SUCCESS]: Slot #013 -> Método: [POST  ] | Path: [/users/get-role]
[2026-10-01 12:55:20] [SUCCESS]: Slot #014 -> Método: [POST  ] | Path: [/users/update-role]
[2026-10-01 12:55:20] [SUCCESS]: Slot #015 -> Método: [POST  ] | Path: [/users/get-id]
[2026-10-01 12:55:20] [SUCCESS]: Slot #016 -> Método: [GET   ] | Path: [/roles/list]
[2026-10-01 12:55:20] [SUCCESS]: Slot #017 -> Método: [POST  ] | Path: [/roles/add]
[2026-10-01 12:55:20] [SUCCESS]: Slot #018 -> Método: [POST  ] | Path: [/roles/edit]
[2026-10-01 12:55:20] [SUCCESS]: Slot #019 -> Método: [POST  ] | Path: [/roles/get]
[2026-10-01 12:55:20] [SUCCESS]: Slot #020 -> Método: [GET   ] | Path: [/genres/list]
[2026-10-01 12:55:20] [SUCCESS]: Slot #021 -> Método: [POST  ] | Path: [/genres/add]
[2026-10-01 12:55:20] [SUCCESS]: Slot #022 -> Método: [POST  ] | Path: [/genres/edit]
[2026-10-01 12:55:20] [SUCCESS]: Slot #023 -> Método: [POST  ] | Path: [/genres/get]
[2026-10-01 12:55:20] [SUCCESS]: Slot #024 -> Método: [GET   ] | Path: [/music/list]
[2026-10-01 12:55:20] [SUCCESS]: Slot #025 -> Método: [POST  ] | Path: [/music/add]
[2026-10-01 12:55:20] [SUCCESS]: Slot #026 -> Método: [POST  ] | Path: [/music/edit]
[2026-10-01 12:55:20] [SUCCESS]: Slot #027 -> Método: [POST  ] | Path: [/music/get]
[2026-10-01 12:55:20] [SUCCESS]: Slot #028 -> Método: [POST  ] | Path: [/music/art]
[2026-10-01 12:55:20] [SUCCESS]: Slot #029 -> Método: [POST  ] | Path: [/player/tracks]
[2026-10-01 12:55:20] [SUCCESS]: Slot #030 -> Método: [POST  ] | Path: [/player/stream]
[2026-10-01 12:55:20] [SUCCESS]: Slot #031 -> Método: [POST  ] | Path: [/download/album]
[2026-10-01 12:55:20] [SUCCESS]: Slot #032 -> Método: [POST  ] | Path: [/billboard/hit]
[2026-10-01 12:55:20] [SUCCESS]: Slot #033 -> Método: [GET   ] | Path: [/billboard/top]
[2026-10-01 12:55:20] [SUCCESS]: Slot #034 -> Método: [POST  ] | Path: [/billboard/recommend]
[2026-10-01 12:55:20] [SUCCESS]: Slot #035 -> Método: [POST  ] | Path: [/analytics/listen]
[2026-10-01 12:55:20] [SUCCESS]: Slot #036 -> Método: [POST  ] | Path: [/analytics/recommendations]
[2026-10-01 12:55:20] [SUCCESS]: Slot #037 -> Método: [GET   ] | Path: [/news/summary]
[2026-10-01 12:55:20] [SUCCESS]: Slot #038 -> Método: [POST  ] | Path: [/session/set-context]
[2026-10-01 12:55:20] [SUCCESS]: Slot #039 -> Método: [POST  ] | Path: [/session/logout]
[2026-10-01 12:55:20] [INFO]: === TOTAL DE RUTAS MAPEADAS EN MEMORIA: [39/500] ===
[2026-10-01 12:55:36] [INFO]: Iniciando secuencia de vinculación de módulos...
[2026-10-01 12:55:36] [INFO]: === INICIANDO DETALLE DE MAPEO DE ENTRADAS (ROUTER) ===
[2026-10-01 12:55:36] [SUCCESS]: Slot #001 -> Método: [POST  ] | Path: [/session/set-context]
[2026-10-01 12:55:36] [SUCCESS]: Slot #002 -> Método: [POST  ] | Path: [/session/logout]
[2026-10-01 12:55:36] [SUCCESS]: Slot #003 -> Método: [GET   ] | Path: [/]
[2026-10-01 12:55:36] [SUCCESS]: Slot #004 -> Método: [GET   ] | Path: [/password]
[2026-10-01 12:55:36] [SUCCESS]: Slot #005 -> Método: [POST  ] | Path: [/password]
[2026-10-01 12:55:36] [SUCCESS]: Slot #006 -> Método: [GET   ] | Path: [/users]
[2026-10-01 12:55:36] [SUCCESS]: Slot #007 -> Método: [GET   ] | Path: [/users/register]
[2026-10-01 12:55:36] [SUCCESS]: Slot #008 -> Método: [POST  ] | Path: [/users/register]
[2026-10-01 12:55:36] [SUCCESS]: Slot #009 -> Método: [GET   ] | Path: [/login]
[2026-10-01 12:55:36] [SUCCESS]: Slot #010 -> Método: [POST  ] | Path: [/users/get-user]
[2026-10-01 12:55:36] [SUCCESS]: Slot #011 -> Método: [POST  ] | Path: [/login]
[2026-10-01 12:55:36] [SUCCESS]: Slot #012 -> Método: [GET   ] | Path: [/users/list]
[2026-10-01 12:55:36] [SUCCESS]: Slot #013 -> Método: [POST  ] | Path: [/users/get-role]
[2026-10-01 12:55:36] [SUCCESS]: Slot #014 -> Método: [POST  ] | Path: [/users/update-role]
[2026-10-01 12:55:36] [SUCCESS]: Slot #015 -> Método: [POST  ] | Path: [/users/get-id]
[2026-10-01 12:55:36] [SUCCESS]: Slot #016 -> Método: [GET   ] | Path: [/roles/list]
[2026-10-01 12:55:36] [SUCCESS]: Slot #017 -> Método: [POST  ] | Path: [/roles/add]
[2026-10-01 12:55:36] [SUCCESS]: Slot #018 -> Método: [POST  ] | Path: [/roles/edit]
[2026-10-01 12:55:36] [SUCCESS]: Slot #019 -> Método: [POST  ] | Path: [/roles/get]
[2026-10-01 12:55:36] [SUCCESS]: Slot #020 -> Método: [GET   ] | Path: [/genres/list]
[2026-10-01 12:55:36] [SUCCESS]: Slot #021 -> Método: [POST  ] | Path: [/genres/add]
[2026-10-01 12:55:36] [SUCCESS]: Slot #022 -> Método: [POST  ] | Path: [/genres/edit]
[2026-10-01 12:55:36] [SUCCESS]: Slot #023 -> Método: [POST  ] | Path: [/genres/get]
[2026-10-01 12:55:36] [SUCCESS]: Slot #024 -> Método: [GET   ] | Path: [/music/list]
[2026-10-01 12:55:36] [SUCCESS]: Slot #025 -> Método: [POST  ] | Path: [/music/add]
[2026-10-01 12:55:36] [SUCCESS]: Slot #026 -> Método: [POST  ] | Path: [/music/edit]
[2026-10-01 12:55:36] [SUCCESS]: Slot #027 -> Método: [POST  ] | Path: [/music/get]
[2026-10-01 12:55:36] [SUCCESS]: Slot #028 -> Método: [POST  ] | Path: [/music/art]
[2026-10-01 12:55:36] [SUCCESS]: Slot #029 -> Método: [POST  ] | Path: [/player/tracks]
[2026-10-01 12:55:36] [SUCCESS]: Slot #030 -> Método: [POST  ] | Path: [/player/stream]
[2026-10-01 12:55:36] [SUCCESS]: Slot #031 -> Método: [POST  ] | Path: [/download/album]
[2026-10-01 12:55:36] [SUCCESS]: Slot #032 -> Método: [POST  ] | Path: [/billboard/hit]
[2026-10-01 12:55:36] [SUCCESS]: Slot #033 -> Método: [GET   ] | Path: [/billboard/top]
[2026-10-01 12:55:36] [SUCCESS]: Slot #034 -> Método: [POST  ] | Path: [/billboard/recommend]
[2026-10-01 12:55:36] [SUCCESS]: Slot #035 -> Método: [POST  ] | Path: [/analytics/listen]
[2026-10-01 12:55:36] [SUCCESS]: Slot #036 -> Método: [POST  ] | Path: [/analytics/recommendations]
[2026-10-01 12:55:36] [SUCCESS]: Slot #037 -> Método: [GET   ] | Path: [/news/summary]
[2026-10-01 12:55:36] [SUCCESS]: Slot #038 -> Método: [POST  ] | Path: [/session/set-context]
[2026-10-01 12:55:36] [SUCCESS]: Slot #039 -> Método: [POST  ] | Path: [/session/logout]
[2026-10-01 12:55:36] [INFO]: === TOTAL DE RUTAS MAPEADAS EN MEMORIA: [39/500] ===
[2026-10-01 12:55:50] [INFO]: Iniciando secuencia de vinculación de módulos...
[2026-10-01 12:55:50] [INFO]: === INICIANDO DETALLE DE MAPEO DE ENTRADAS (ROUTER) ===
[2026-10-01 12:55:50] [SUCCESS]: Slot #001 -> Método: [POST  ] | Path: [/session/set-context]
[2026-10-01 12:55:50] [SUCCESS]: Slot #002 -> Método: [POST  ] | Path: [/session/logout]
[2026-10-01 12:55:50] [SUCCESS]: Slot #003 -> Método: [GET   ] | Path: [/]
[2026-10-01 12:55:50] [SUCCESS]: Slot #004 -> Método: [GET   ] | Path: [/password]
[2026-10-01 12:55:50] [SUCCESS]: Slot #005 -> Método: [POST  ] | Path: [/password]
[2026-10-01 12:55:50] [SUCCESS]: Slot #006 -> Método: [GET   ] | Path: [/users]
[2026-10-01 12:55:50] [SUCCESS]: Slot #007 -> Método: [GET   ] | Path: [/users/register]
[2026-10-01 12:55:50] [SUCCESS]: Slot #008 -> Método: [POST  ] | Path: [/users/register]
[2026-10-01 12:55:50] [SUCCESS]: Slot #009 -> Método: [GET   ] | Path: [/login]
[2026-10-01 12:55:50] [SUCCESS]: Slot #010 -> Método: [POST  ] | Path: [/users/get-user]
[2026-10-01 12:55:50] [SUCCESS]: Slot #011 -> Método: [POST  ] | Path: [/login]
[2026-10-01 12:55:50] [SUCCESS]: Slot #012 -> Método: [GET   ] | Path: [/users/list]
[2026-10-01 12:55:50] [SUCCESS]: Slot #013 -> Método: [POST  ] | Path: [/users/get-role]
[2026-10-01 12:55:50] [SUCCESS]: Slot #014 -> Método: [POST  ] | Path: [/users/update-role]
[2026-10-01 12:55:50] [SUCCESS]: Slot #015 -> Método: [POST  ] | Path: [/users/get-id]
[2026-10-01 12:55:50] [SUCCESS]: Slot #016 -> Método: [GET   ] | Path: [/roles/list]
[2026-10-01 12:55:50] [SUCCESS]: Slot #017 -> Método: [POST  ] | Path: [/roles/add]
[2026-10-01 12:55:50] [SUCCESS]: Slot #018 -> Método: [POST  ] | Path: [/roles/edit]
[2026-10-01 12:55:50] [SUCCESS]: Slot #019 -> Método: [POST  ] | Path: [/roles/get]
[2026-10-01 12:55:50] [SUCCESS]: Slot #020 -> Método: [GET   ] | Path: [/genres/list]
[2026-10-01 12:55:50] [SUCCESS]: Slot #021 -> Método: [POST  ] | Path: [/genres/add]
[2026-10-01 12:55:50] [SUCCESS]: Slot #022 -> Método: [POST  ] | Path: [/genres/edit]
[2026-10-01 12:55:50] [SUCCESS]: Slot #023 -> Método: [POST  ] | Path: [/genres/get]
[2026-10-01 12:55:50] [SUCCESS]: Slot #024 -> Método: [GET   ] | Path: [/music/list]
[2026-10-01 12:55:50] [SUCCESS]: Slot #025 -> Método: [POST  ] | Path: [/music/add]
[2026-10-01 12:55:50] [SUCCESS]: Slot #026 -> Método: [POST  ] | Path: [/music/edit]
[2026-10-01 12:55:50] [SUCCESS]: Slot #027 -> Método: [POST  ] | Path: [/music/get]
[2026-10-01 12:55:50] [SUCCESS]: Slot #028 -> Método: [POST  ] | Path: [/music/art]
[2026-10-01 12:55:50] [SUCCESS]: Slot #029 -> Método: [POST  ] | Path: [/player/tracks]
[2026-10-01 12:55:50] [SUCCESS]: Slot #030 -> Método: [POST  ] | Path: [/player/stream]
[2026-10-01 12:55:50] [SUCCESS]: Slot #031 -> Método: [POST  ] | Path: [/download/album]
[2026-10-01 12:55:50] [SUCCESS]: Slot #032 -> Método: [POST  ] | Path: [/billboard/hit]
[2026-10-01 12:55:50] [SUCCESS]: Slot #033 -> Método: [GET   ] | Path: [/billboard/top]
[2026-10-01 12:55:50] [SUCCESS]: Slot #034 -> Método: [POST  ] | Path: [/billboard/recommend]
[2026-10-01 12:55:50] [SUCCESS]: Slot #035 -> Método: [POST  ] | Path: [/analytics/listen]
[2026-10-01 12:55:50] [SUCCESS]: Slot #036 -> Método: [POST  ] | Path: [/analytics/recommendations]
[2026-10-01 12:55:50] [SUCCESS]: Slot #037 -> Método: [GET   ] | Path: [/news/summary]
[2026-10-01 12:55:50] [SUCCESS]: Slot #038 -> Método: [POST  ] | Path: [/session/set-context]
[2026-10-01 12:55:50] [SUCCESS]: Slot #039 -> Método: [POST  ] | Path: [/session/logout]
[2026-10-01 12:55:50] [INFO]: === TOTAL DE RUTAS MAPEADAS EN MEMORIA: [39/500] ===
[2026-10-01 12:56:37] [INFO]: Iniciando secuencia de vinculación de módulos...
[2026-10-01 12:56:37] [INFO]: === INICIANDO DETALLE DE MAPEO DE ENTRADAS (ROUTER) ===
[2026-10-01 12:56:37] [SUCCESS]: Slot #001 -> Método: [POST  ] | Path: [/session/set-context]
[2026-10-01 12:56:37] [SUCCESS]: Slot #002 -> Método: [POST  ] | Path: [/session/logout]
[2026-10-01 12:56:37] [SUCCESS]: Slot #003 -> Método: [GET   ] | Path: [/]
[2026-10-01 12:56:37] [SUCCESS]: Slot #004 -> Método: [GET   ] | Path: [/password]
[2026-10-01 12:56:37] [SUCCESS]: Slot #005 -> Método: [POST  ] | Path: [/password]
[2026-10-01 12:56:37] [SUCCESS]: Slot #006 -> Método: [GET   ] | Path: [/users]
[2026-10-01 12:56:37] [SUCCESS]: Slot #007 -> Método: [GET   ] | Path: [/users/register]
[2026-10-01 12:56:37] [SUCCESS]: Slot #008 -> Método: [POST  ] | Path: [/users/register]
[2026-10-01 12:56:37] [SUCCESS]: Slot #009 -> Método: [GET   ] | Path: [/login]
[2026-10-01 12:56:37] [SUCCESS]: Slot #010 -> Método: [POST  ] | Path: [/users/get-user]
[2026-10-01 12:56:37] [SUCCESS]: Slot #011 -> Método: [POST  ] | Path: [/login]
[2026-10-01 12:56:37] [SUCCESS]: Slot #012 -> Método: [GET   ] | Path: [/users/list]
[2026-10-01 12:56:37] [SUCCESS]: Slot #013 -> Método: [POST  ] | Path: [/users/get-role]
[2026-10-01 12:56:37] [SUCCESS]: Slot #014 -> Método: [POST  ] | Path: [/users/update-role]
[2026-10-01 12:56:37] [SUCCESS]: Slot #015 -> Método: [POST  ] | Path: [/users/get-id]
[2026-10-01 12:56:37] [SUCCESS]: Slot #016 -> Método: [GET   ] | Path: [/roles/list]
[2026-10-01 12:56:37] [SUCCESS]: Slot #017 -> Método: [POST  ] | Path: [/roles/add]
[2026-10-01 12:56:37] [SUCCESS]: Slot #018 -> Método: [POST  ] | Path: [/roles/edit]
[2026-10-01 12:56:37] [SUCCESS]: Slot #019 -> Método: [POST  ] | Path: [/roles/get]
[2026-10-01 12:56:37] [SUCCESS]: Slot #020 -> Método: [GET   ] | Path: [/genres/list]
[2026-10-01 12:56:37] [SUCCESS]: Slot #021 -> Método: [POST  ] | Path: [/genres/add]
[2026-10-01 12:56:37] [SUCCESS]: Slot #022 -> Método: [POST  ] | Path: [/genres/edit]
[2026-10-01 12:56:37] [SUCCESS]: Slot #023 -> Método: [POST  ] | Path: [/genres/get]
[2026-10-01 12:56:37] [SUCCESS]: Slot #024 -> Método: [GET   ] | Path: [/music/list]
[2026-10-01 12:56:37] [SUCCESS]: Slot #025 -> Método: [POST  ] | Path: [/music/add]
[2026-10-01 12:56:37] [SUCCESS]: Slot #026 -> Método: [POST  ] | Path: [/music/edit]
[2026-10-01 12:56:37] [SUCCESS]: Slot #027 -> Método: [POST  ] | Path: [/music/get]
[2026-10-01 12:56:37] [SUCCESS]: Slot #028 -> Método: [POST  ] | Path: [/music/art]
[2026-10-01 12:56:37] [SUCCESS]: Slot #029 -> Método: [POST  ] | Path: [/player/tracks]
[2026-10-01 12:56:37] [SUCCESS]: Slot #030 -> Método: [POST  ] | Path: [/player/stream]
[2026-10-01 12:56:37] [SUCCESS]: Slot #031 -> Método: [POST  ] | Path: [/download/album]
[2026-10-01 12:56:37] [SUCCESS]: Slot #032 -> Método: [POST  ] | Path: [/billboard/hit]
[2026-10-01 12:56:37] [SUCCESS]: Slot #033 -> Método: [GET   ] | Path: [/billboard/top]
[2026-10-01 12:56:37] [SUCCESS]: Slot #034 -> Método: [POST  ] | Path: [/billboard/recommend]
[2026-10-01 12:56:37] [SUCCESS]: Slot #035 -> Método: [POST  ] | Path: [/analytics/listen]
[2026-10-01 12:56:37] [SUCCESS]: Slot #036 -> Método: [POST  ] | Path: [/analytics/recommendations]
[2026-10-01 12:56:37] [SUCCESS]: Slot #037 -> Método: [GET   ] | Path: [/news/summary]
[2026-10-01 12:56:37] [SUCCESS]: Slot #038 -> Método: [POST  ] | Path: [/session/set-context]
[2026-10-01 12:56:37] [SUCCESS]: Slot #039 -> Método: [POST  ] | Path: [/session/logout]
[2026-10-01 12:56:37] [INFO]: === TOTAL DE RUTAS MAPEADAS EN MEMORIA: [39/500] ===
[2026-10-01 13:57:58] [INFO]: Iniciando secuencia de vinculación de módulos...
[2026-10-01 13:57:58] [INFO]: === INICIANDO DETALLE DE MAPEO DE ENTRADAS (ROUTER) ===
[2026-10-01 13:57:58] [SUCCESS]: Slot #001 -> Método: [POST  ] | Path: [/session/set-context]
[2026-10-01 13:57:58] [SUCCESS]: Slot #002 -> Método: [POST  ] | Path: [/session/logout]
[2026-10-01 13:57:58] [SUCCESS]: Slot #003 -> Método: [GET   ] | Path: [/]
[2026-10-01 13:57:58] [SUCCESS]: Slot #004 -> Método: [GET   ] | Path: [/password]
[2026-10-01 13:57:58] [SUCCESS]: Slot #005 -> Método: [POST  ] | Path: [/password]
[2026-10-01 13:57:58] [SUCCESS]: Slot #006 -> Método: [GET   ] | Path: [/users]
[2026-10-01 13:57:58] [SUCCESS]: Slot #007 -> Método: [GET   ] | Path: [/users/register]
[2026-10-01 13:57:58] [SUCCESS]: Slot #008 -> Método: [POST  ] | Path: [/users/register]
[2026-10-01 13:57:58] [SUCCESS]: Slot #009 -> Método: [GET   ] | Path: [/login]
[2026-10-01 13:57:58] [SUCCESS]: Slot #010 -> Método: [POST  ] | Path: [/users/get-user]
[2026-10-01 13:57:58] [SUCCESS]: Slot #011 -> Método: [POST  ] | Path: [/login]
[2026-10-01 13:57:58] [SUCCESS]: Slot #012 -> Método: [GET   ] | Path: [/users/list]
[2026-10-01 13:57:58] [SUCCESS]: Slot #013 -> Método: [POST  ] | Path: [/users/get-role]
[2026-10-01 13:57:58] [SUCCESS]: Slot #014 -> Método: [POST  ] | Path: [/users/update-role]
[2026-10-01 13:57:58] [SUCCESS]: Slot #015 -> Método: [POST  ] | Path: [/users/get-id]
[2026-10-01 13:57:58] [SUCCESS]: Slot #016 -> Método: [GET   ] | Path: [/roles/list]
[2026-10-01 13:57:58] [SUCCESS]: Slot #017 -> Método: [POST  ] | Path: [/roles/add]
[2026-10-01 13:57:58] [SUCCESS]: Slot #018 -> Método: [POST  ] | Path: [/roles/edit]
[2026-10-01 13:57:58] [SUCCESS]: Slot #019 -> Método: [POST  ] | Path: [/roles/get]
[2026-10-01 13:57:58] [SUCCESS]: Slot #020 -> Método: [GET   ] | Path: [/genres/list]
[2026-10-01 13:57:58] [SUCCESS]: Slot #021 -> Método: [POST  ] | Path: [/genres/add]
[2026-10-01 13:57:58] [SUCCESS]: Slot #022 -> Método: [POST  ] | Path: [/genres/edit]
[2026-10-01 13:57:58] [SUCCESS]: Slot #023 -> Método: [POST  ] | Path: [/genres/get]
[2026-10-01 13:57:58] [SUCCESS]: Slot #024 -> Método: [GET   ] | Path: [/music/list]
[2026-10-01 13:57:58] [SUCCESS]: Slot #025 -> Método: [POST  ] | Path: [/music/add]
[2026-10-01 13:57:58] [SUCCESS]: Slot #026 -> Método: [POST  ] | Path: [/music/edit]
[2026-10-01 13:57:58] [SUCCESS]: Slot #027 -> Método: [POST  ] | Path: [/music/get]
[2026-10-01 13:57:58] [SUCCESS]: Slot #028 -> Método: [POST  ] | Path: [/music/art]
[2026-10-01 13:57:58] [SUCCESS]: Slot #029 -> Método: [POST  ] | Path: [/player/tracks]
[2026-10-01 13:57:58] [SUCCESS]: Slot #030 -> Método: [POST  ] | Path: [/player/stream]
[2026-10-01 13:57:58] [SUCCESS]: Slot #031 -> Método: [POST  ] | Path: [/download/album]
[2026-10-01 13:57:58] [SUCCESS]: Slot #032 -> Método: [POST  ] | Path: [/billboard/hit]
[2026-10-01 13:57:58] [SUCCESS]: Slot #033 -> Método: [GET   ] | Path: [/billboard/top]
[2026-10-01 13:57:58] [SUCCESS]: Slot #034 -> Método: [POST  ] | Path: [/billboard/recommend]
[2026-10-01 13:57:58] [SUCCESS]: Slot #035 -> Método: [POST  ] | Path: [/analytics/listen]
[2026-10-01 13:57:58] [SUCCESS]: Slot #036 -> Método: [POST  ] | Path: [/analytics/recommendations]
[2026-10-01 13:57:58] [SUCCESS]: Slot #037 -> Método: [GET   ] | Path: [/news/summary]
[2026-10-01 13:57:58] [SUCCESS]: Slot #038 -> Método: [POST  ] | Path: [/session/set-context]
[2026-10-01 13:57:58] [SUCCESS]: Slot #039 -> Método: [POST  ] | Path: [/session/logout]
[2026-10-01 13:57:58] [INFO]: === TOTAL DE RUTAS MAPEADAS EN MEMORIA: [39/500] ===
